Order ID,Table,Waiter,Order Total,Tax,Currency,Insert Date,Order Type,Status,Product,Quantity,Unit Price,Total Product Price,Product Description,Features
258344759,,can,2443.27,222.11,TRY,2025-01-22T11:29:55.217,Paket SipariÅŸi,KapandÄ±,Burgerator Burger (100 g) MenÃ¼,2.0,395.17,790.34,,
258344759,,can,2443.27,222.11,TRY,2025-01-22T11:29:55.217,Paket SipariÅŸi,KapandÄ±,Burger,2.0,0.0,0.0,Normal PiÅŸmiÅŸ,
258344759,,can,2443.27,222.11,TRY,2025-01-22T11:29:55.217,Paket SipariÅŸi,KapandÄ±,Coca Cola (330 ml),2.0,0.0,0.0,,
258344759,,can,2443.27,222.11,TRY,2025-01-22T11:29:55.217,Paket SipariÅŸi,KapandÄ±,BBQ Burger (100 g) MenÃ¼,3.0,395.17,1185.51,,
258344759,,can,2443.27,222.11,TRY,2025-01-22T11:29:55.217,Paket SipariÅŸi,KapandÄ±,Burger,3.0,0.0,0.0,Normal PiÅŸmiÅŸ,
258344759,,can,2443.27,222.11,TRY,2025-01-22T11:29:55.217,Paket SipariÅŸi,KapandÄ±,Coca Cola (330 ml),3.0,0.0,0.0,,
258344759,,can,2443.27,222.11,TRY,2025-01-22T11:29:55.217,Paket SipariÅŸi,KapandÄ±,Anadolu Burger (100 g) MenÃ¼,1.0,467.42,467.42,,
258344759,,can,2443.27,222.11,TRY,2025-01-22T11:29:55.217,Paket SipariÅŸi,KapandÄ±,Burger,1.0,0.0,0.0,Normal PiÅŸmiÅŸ,
258344759,,can,2443.27,222.11,TRY,2025-01-22T11:29:55.217,Paket SipariÅŸi,KapandÄ±,Coca Cola (330 ml),1.0,0.0,0.0,,
258346329,,can,407.81,41.62,TRY,2025-01-22T11:39:48.74,Paket SipariÅŸi,KapandÄ±,Burgerator Burger (100 g) MenÃ¼,1.0,457.81,457.81,,
258346329,,can,407.81,41.62,TRY,2025-01-22T11:39:48.74,Paket SipariÅŸi,KapandÄ±,Ranch Sos,1.0,0.0,0.0,,
258346329,,can,407.81,41.62,TRY,2025-01-22T11:39:48.74,Paket SipariÅŸi,KapandÄ±,Hot Chili,1.0,0.0,0.0,,
258346329,,can,407.81,41.62,TRY,2025-01-22T11:39:48.74,Paket SipariÅŸi,KapandÄ±,COLA ÅEKERSÄ°Z,1.0,0.0,0.0,,
258346329,,can,407.81,41.62,TRY,2025-01-22T11:39:48.74,Paket SipariÅŸi,KapandÄ±,Normal PiÅŸmiÅŸ,1.0,0.0,0.0,,
258346408,,can,790.33,71.84,TRY,2025-01-22T11:40:15.15,Paket SipariÅŸi,KapandÄ±,Burgerator Burger (100 g) MenÃ¼,1.0,395.17,395.17,,
258346408,,can,790.33,71.84,TRY,2025-01-22T11:40:15.15,Paket SipariÅŸi,KapandÄ±,Burger,1.0,0.0,0.0,Normal PiÅŸmiÅŸ,
258346408,,can,790.33,71.84,TRY,2025-01-22T11:40:15.15,Paket SipariÅŸi,KapandÄ±,Coca Cola (330 ml),1.0,0.0,0.0,,
258346408,,can,790.33,71.84,TRY,2025-01-22T11:40:15.15,Paket SipariÅŸi,KapandÄ±,Burgerator Burger (100 g) MenÃ¼,1.0,395.17,395.17,,
258346408,,can,790.33,71.84,TRY,2025-01-22T11:40:15.15,Paket SipariÅŸi,KapandÄ±,Burger,1.0,0.0,0.0,Normal PiÅŸmiÅŸ,
258346408,,can,790.33,71.84,TRY,2025-01-22T11:40:15.15,Paket SipariÅŸi,KapandÄ±,"Susurluk Ayran (24,5 cl.)",1.0,0.0,0.0,,
258346460,,can,842.82,81.17,TRY,2025-01-22T11:40:33.153,Paket SipariÅŸi,Ä°ptal Edildi,Burgerator Burger (100 g) MenÃ¼,2.0,446.41,892.82,,
258346460,,can,842.82,81.17,TRY,2025-01-22T11:40:33.153,Paket SipariÅŸi,Ä°ptal Edildi,Sos Ä°stemiyorum,2.0,0.0,0.0,,
258346460,,can,842.82,81.17,TRY,2025-01-22T11:40:33.153,Paket SipariÅŸi,Ä°ptal Edildi,Ayran (25 cl.),2.0,0.0,0.0,,
258346460,,can,842.82,81.17,TRY,2025-01-22T11:40:33.153,Paket SipariÅŸi,Ä°ptal Edildi,Normal PiÅŸmiÅŸ,2.0,0.0,0.0,,
258347655,,can,395.16,35.92,TRY,2025-01-22T11:46:53.513,Paket SipariÅŸi,KapandÄ±,Coca Cola (330 ml),1.0,0.0,0.0,,
258347655,,can,395.16,35.92,TRY,2025-01-22T11:46:53.513,Paket SipariÅŸi,KapandÄ±,BBQ Burger (100 g) MenÃ¼,1.0,395.16,395.16,,
258347655,,can,395.16,35.92,TRY,2025-01-22T11:46:53.513,Paket SipariÅŸi,KapandÄ±,Burger,1.0,0.0,0.0,Normal PiÅŸmiÅŸ,
258348242,,can,396.41,40.58,TRY,2025-01-22T11:49:35.023,Paket SipariÅŸi,KapandÄ±,Burgerator Burger (100 g) MenÃ¼,1.0,446.41,446.41,,
258348242,,can,396.41,40.58,TRY,2025-01-22T11:49:35.023,Paket SipariÅŸi,KapandÄ±,Sos Ä°stemiyorum,1.0,0.0,0.0,,
258348242,,can,396.41,40.58,TRY,2025-01-22T11:49:35.023,Paket SipariÅŸi,KapandÄ±,Ayran (25 cl.),1.0,0.0,0.0,,
258348242,,can,396.41,40.58,TRY,2025-01-22T11:49:35.023,Paket SipariÅŸi,KapandÄ±,Normal PiÅŸmiÅŸ,1.0,0.0,0.0,,
258348443,,can,395.16,35.92,TRY,2025-01-22T11:50:34.417,Paket SipariÅŸi,KapandÄ±,BBQ Burger (100 g) MenÃ¼,1.0,395.16,395.16,,
258348443,,can,395.16,35.92,TRY,2025-01-22T11:50:34.417,Paket SipariÅŸi,KapandÄ±,Burger,1.0,0.0,0.0,Orta PiÅŸmiÅŸ,
258348443,,can,395.16,35.92,TRY,2025-01-22T11:50:34.417,Paket SipariÅŸi,KapandÄ±,"Susurluk Ayran (24,5 cl.)",1.0,0.0,0.0,,
258350943,,can,389.9,35.45,TRY,2025-01-22T12:01:06.303,Paket SipariÅŸi,KapandÄ±,Burgerator Burger (100 g) MenÃ¼,1.0,389.9,389.9,,
258350943,,can,389.9,35.45,TRY,2025-01-22T12:01:06.303,Paket SipariÅŸi,KapandÄ±,Cappy (330 ml),1.0,0.0,0.0,Ä°Ã§ecek Tercihi,
258350943,,can,389.9,35.45,TRY,2025-01-22T12:01:06.303,Paket SipariÅŸi,KapandÄ±,Cappy KarÄ±ÅŸÄ±k (330 ml),1.0,0.0,0.0,Cappy Tercihi,
258354118,,can,1183.7,107.61,TRY,2025-01-22T12:11:31.713,Paket SipariÅŸi,KapandÄ±,COLA ÅEKERSÄ°Z,1.0,0.0,0.0,Ä°Ã§ecek Tercihi,
258354118,,can,1183.7,107.61,TRY,2025-01-22T12:11:31.713,Paket SipariÅŸi,KapandÄ±,COLA ÅEKERSÄ°Z,1.0,0.0,0.0,Ä°Ã§ecek Tercihi,
258354118,,can,1183.7,107.61,TRY,2025-01-22T12:11:31.713,Paket SipariÅŸi,KapandÄ±,Burgerator Burger (100 g) MenÃ¼,1.0,389.9,389.9,,
258354118,,can,1183.7,107.61,TRY,2025-01-22T12:11:31.713,Paket SipariÅŸi,KapandÄ±,Mushroom Burger (100 g) MenÃ¼,1.0,396.9,396.9,,
258354118,,can,1183.7,107.61,TRY,2025-01-22T12:11:31.713,Paket SipariÅŸi,KapandÄ±,Mushroom Burger (100 g) MenÃ¼,1.0,396.9,396.9,,
258354118,,can,1183.7,107.61,TRY,2025-01-22T12:11:31.713,Paket SipariÅŸi,KapandÄ±,Susurluk AyranÄ± (Cam ÅiÅŸe) (245 ml),1.0,0.0,0.0,Ä°Ã§ecek Tercihi,
258355660,,can,349.6,3.46,TRY,2025-01-22T12:16:04.65,Paket SipariÅŸi,KapandÄ±,Susurluk AyranÄ± (250 ml),1.0,0.0,0.0,,
258355660,,can,349.6,3.46,TRY,2025-01-22T12:16:04.65,Paket SipariÅŸi,KapandÄ±,Burgerator Burger MenÃ¼,1.0,349.6,349.6,,"Cajun BaharatÄ± Ä°stiyorum, Normal PiÅŸim"
258356270,,can,416.7,37.88,TRY,2025-01-22T12:17:42.107,Paket SipariÅŸi,KapandÄ±,Coca Cola (330 ml),1.0,0.0,0.0,Ä°Ã§ecek Tercihi,
258356270,,can,416.7,37.88,TRY,2025-01-22T12:17:42.107,Paket SipariÅŸi,KapandÄ±,Ranch Sos,1.0,9.9,9.9,,
258356270,,can,416.7,37.88,TRY,2025-01-22T12:17:42.107,Paket SipariÅŸi,KapandÄ±,BallÄ± Hardal Sos,1.0,9.9,9.9,,
258356270,,can,416.7,37.88,TRY,2025-01-22T12:17:42.107,Paket SipariÅŸi,KapandÄ±,Mushroom Burger (100 g) MenÃ¼,1.0,396.9,396.9,,
258360891,,can,389.9,35.45,TRY,2025-01-22T12:31:26.797,Paket SipariÅŸi,KapandÄ±,Burgerator Burger (100 g) MenÃ¼,1.0,389.9,389.9,,
258360891,,can,389.9,35.45,TRY,2025-01-22T12:31:26.797,Paket SipariÅŸi,KapandÄ±,Susurluk AyranÄ± (Cam ÅiÅŸe) (245 ml),1.0,0.0,0.0,Ä°Ã§ecek Tercihi,
258360891,,can,389.9,35.45,TRY,2025-01-22T12:31:26.797,Paket SipariÅŸi,KapandÄ±,FÃ¼me Et,1.0,0.0,0.0,Ã‡Ä±karÄ±lacak Malzeme Tercihi,
258363305,,can,410.57,37.32,TRY,2025-01-22T12:38:30.173,Paket SipariÅŸi,KapandÄ±,Sprite (330 ml),1.0,0.0,0.0,,
258363305,,can,410.57,37.32,TRY,2025-01-22T12:38:30.173,Paket SipariÅŸi,KapandÄ±,Burger,1.0,0.0,0.0,Normal PiÅŸmiÅŸ|BallÄ± Hardal Sos,
258363305,,can,410.57,37.32,TRY,2025-01-22T12:38:30.173,Paket SipariÅŸi,KapandÄ±,Hot Chili Burger (100 gr.) MenÃ¼,1.0,410.57,410.57,,
258369197,,can,254.73,16.98,TRY,2025-01-22T12:55:32.267,Paket SipariÅŸi,KapandÄ±,Coca Cola (330 ml),1.0,67.91,67.91,,
258369197,,can,254.73,16.98,TRY,2025-01-22T12:55:32.267,Paket SipariÅŸi,KapandÄ±,Cajun Soslu Patates KÄ±zartmasÄ±,1.0,93.41,93.41,,
258369197,,can,254.73,16.98,TRY,2025-01-22T12:55:32.267,Paket SipariÅŸi,KapandÄ±,SoÄŸan HalkasÄ±,1.0,93.41,93.41,,
258372449,,can,389.9,35.45,TRY,2025-01-22T13:05:17.59,Paket SipariÅŸi,KapandÄ±,Burgerator Burger (100 g) MenÃ¼,1.0,389.9,389.9,,
258372449,,can,389.9,35.45,TRY,2025-01-22T13:05:17.59,Paket SipariÅŸi,KapandÄ±,Lipton Ice Tea (330 ml),1.0,0.0,0.0,Ä°Ã§ecek Tercihi,
258372449,,can,389.9,35.45,TRY,2025-01-22T13:05:17.59,Paket SipariÅŸi,KapandÄ±,Lipton Ice Tea Åeftali (330 ml),1.0,0.0,0.0,Lipton Ice Tea Tercihi,
258373136,,can,527.7,47.97,TRY,2025-01-22T13:07:32.467,Paket SipariÅŸi,KapandÄ±,Coca Cola (330 ml),1.0,0.0,0.0,Ä°Ã§ecek Tercihi,
258373136,,can,527.7,47.97,TRY,2025-01-22T13:07:32.467,Paket SipariÅŸi,KapandÄ±,Ranch Sos,1.0,9.9,9.9,,
258373136,,can,527.7,47.97,TRY,2025-01-22T13:07:32.467,Paket SipariÅŸi,KapandÄ±,Burgerator Burger (200 g) MenÃ¼,1.0,507.9,507.9,Ã–zel soslarÄ±nÄ±zdan da koyarsanÄ±z cok sevinirim simdiden teÅŸekkÃ¼rlerğŸ¤,
258373136,,can,527.7,47.97,TRY,2025-01-22T13:07:32.467,Paket SipariÅŸi,KapandÄ±,Garlic Sos,1.0,9.9,9.9,,
258375879,,can,405.91,41.45,TRY,2025-01-22T13:16:15.913,Paket SipariÅŸi,KapandÄ±,Coca Cola (330 ml),1.0,0.0,0.0,,
258375879,,can,405.91,41.45,TRY,2025-01-22T13:16:15.913,Paket SipariÅŸi,KapandÄ±,Truffles Burger (100 g) MenÃ¼,1.0,455.91,455.91,,
258375879,,can,405.91,41.45,TRY,2025-01-22T13:16:15.913,Paket SipariÅŸi,KapandÄ±,Sos Ä°stemiyorum,1.0,0.0,0.0,,
258375879,,can,405.91,41.45,TRY,2025-01-22T13:16:15.913,Paket SipariÅŸi,KapandÄ±,Normal PiÅŸmiÅŸ,1.0,0.0,0.0,,
258376151,Masa 2,can,349.6,3.46,TRY,2025-01-22T13:17:09.577,Masa SipariÅŸi,KapandÄ±,ICE TEA ÅEFTALÄ°,1.0,0.0,0.0,,
258376151,Masa 2,can,349.6,3.46,TRY,2025-01-22T13:17:09.577,Masa SipariÅŸi,KapandÄ±,Burgerator Burger MenÃ¼,1.0,349.6,349.6,,"Cajun BaharatÄ± Ä°stiyorum, Normal PiÅŸim"
258376996,,can,403.66,36.7,TRY,2025-01-22T13:19:46.617,Paket SipariÅŸi,KapandÄ±,Truffles Burger (100 gr.) MenÃ¼,1.0,403.66,403.66,,
258376996,,can,403.66,36.7,TRY,2025-01-22T13:19:46.617,Paket SipariÅŸi,KapandÄ±,Burger,1.0,0.0,0.0,Normal PiÅŸmiÅŸ,
258376996,,can,403.66,36.7,TRY,2025-01-22T13:19:46.617,Paket SipariÅŸi,KapandÄ±,"Susurluk Ayran (24,5 cl.)",1.0,0.0,0.0,,
258382408,,can,389.9,35.45,TRY,2025-01-22T13:37:24.163,Paket SipariÅŸi,KapandÄ±,Burgerator Burger (100 g) MenÃ¼,1.0,389.9,389.9,,
258382408,,can,389.9,35.45,TRY,2025-01-22T13:37:24.163,Paket SipariÅŸi,KapandÄ±,Susurluk AyranÄ± (Cam ÅiÅŸe) (245 ml),1.0,0.0,0.0,Ä°Ã§ecek Tercihi,
258383994,,can,1179.6,107.24,TRY,2025-01-22T13:42:32.7,Paket SipariÅŸi,KapandÄ±,COLA ÅEKERSÄ°Z,2.0,0.0,0.0,Ä°Ã§ecek Tercihi,
258383994,,can,1179.6,107.24,TRY,2025-01-22T13:42:32.7,Paket SipariÅŸi,KapandÄ±,Ranch Sos,1.0,9.9,9.9,,
258383994,,can,1179.6,107.24,TRY,2025-01-22T13:42:32.7,Paket SipariÅŸi,KapandÄ±,Burgerator Burger (100 g) MenÃ¼,1.0,389.9,389.9,,
258383994,,can,1179.6,107.24,TRY,2025-01-22T13:42:32.7,Paket SipariÅŸi,KapandÄ±,Burgerator Burger (100 g) MenÃ¼,2.0,389.9,779.8,,
258383994,,can,1179.6,107.24,TRY,2025-01-22T13:42:32.7,Paket SipariÅŸi,KapandÄ±,Lipton Ice Tea (330 ml),1.0,0.0,0.0,Ä°Ã§ecek Tercihi,
258383994,,can,1179.6,107.24,TRY,2025-01-22T13:42:32.7,Paket SipariÅŸi,KapandÄ±,Lipton Ice Tea Åeftali (330 ml),1.0,0.0,0.0,Lipton Ice Tea Tercihi,
258384920,,can,395.16,35.92,TRY,2025-01-22T13:45:34.83,Paket SipariÅŸi,KapandÄ±,Burgerator Burger (100 g) MenÃ¼,1.0,395.16,395.16,,
258384920,,can,395.16,35.92,TRY,2025-01-22T13:45:34.83,Paket SipariÅŸi,KapandÄ±,Lipton Ice Tea (330 ml),1.0,0.0,0.0,Åeftali,
258384920,,can,395.16,35.92,TRY,2025-01-22T13:45:34.83,Paket SipariÅŸi,KapandÄ±,Burger,1.0,0.0,0.0,Orta PiÅŸmiÅŸ,
258386971,,can,395.16,35.92,TRY,2025-01-22T13:52:12.64,Paket SipariÅŸi,KapandÄ±,Burgerator Burger (100 g) MenÃ¼,1.0,395.16,395.16,,
258386971,,can,395.16,35.92,TRY,2025-01-22T13:52:12.64,Paket SipariÅŸi,KapandÄ±,Lipton Ice Tea (330 ml),1.0,0.0,0.0,Mango,
258386971,,can,395.16,35.92,TRY,2025-01-22T13:52:12.64,Paket SipariÅŸi,KapandÄ±,Burger,1.0,0.0,0.0,Normal PiÅŸmiÅŸ,
258387541,,can,856.12,82.37,TRY,2025-01-22T13:53:56.67,Paket SipariÅŸi,KapandÄ±,Coca Cola (330 ml),1.0,0.0,0.0,,
258387541,,can,856.12,82.37,TRY,2025-01-22T13:53:56.67,Paket SipariÅŸi,KapandÄ±,Coca Cola (330 ml),1.0,0.0,0.0,,
258387541,,can,856.12,82.37,TRY,2025-01-22T13:53:56.67,Paket SipariÅŸi,KapandÄ±,Extra Truff mantar sos,1.0,0.0,0.0,,
258387541,,can,856.12,82.37,TRY,2025-01-22T13:53:56.67,Paket SipariÅŸi,KapandÄ±,Burgerator Burger (100 g) MenÃ¼,1.0,452.11,452.11,,
258387541,,can,856.12,82.37,TRY,2025-01-22T13:53:56.67,Paket SipariÅŸi,KapandÄ±,BBQ Burger (100 g) MenÃ¼,1.0,454.01,454.01,,
258387541,,can,856.12,82.37,TRY,2025-01-22T13:53:56.67,Paket SipariÅŸi,KapandÄ±,Normal PiÅŸmiÅŸ,1.0,0.0,0.0,,
258387541,,can,856.12,82.37,TRY,2025-01-22T13:53:56.67,Paket SipariÅŸi,KapandÄ±,Normal PiÅŸmiÅŸ,1.0,0.0,0.0,,
258387541,,can,856.12,82.37,TRY,2025-01-22T13:53:56.67,Paket SipariÅŸi,KapandÄ±,Ranch Sos,1.0,0.0,0.0,,
258389817,,can,514.16,46.74,TRY,2025-01-22T14:01:05.737,Paket SipariÅŸi,KapandÄ±,Burgerator Burger (200 g) MenÃ¼,1.0,514.16,514.16,,
258389817,,can,514.16,46.74,TRY,2025-01-22T14:01:05.737,Paket SipariÅŸi,KapandÄ±,Burger,1.0,0.0,0.0,Normal PiÅŸmiÅŸ,
258389817,,can,514.16,46.74,TRY,2025-01-22T14:01:05.737,Paket SipariÅŸi,KapandÄ±,"Susurluk Ayran (24,5 cl.)",1.0,0.0,0.0,,
258392259,,can,395.16,35.92,TRY,2025-01-22T14:08:26.5,Paket SipariÅŸi,KapandÄ±,BBQ Burger (100 g) MenÃ¼,1.0,395.16,395.16,,
258392259,,can,395.16,35.92,TRY,2025-01-22T14:08:26.5,Paket SipariÅŸi,KapandÄ±,Burger,1.0,0.0,0.0,Normal PiÅŸmiÅŸ,
258392259,,can,395.16,35.92,TRY,2025-01-22T14:08:26.5,Paket SipariÅŸi,KapandÄ±,"Susurluk Ayran (24,5 cl.)",1.0,0.0,0.0,,
258392751,,can,1079.7,10.69,TRY,2025-01-22T14:09:53.387,Paket SipariÅŸi,KapandÄ±,Coca Cola (330 ml),3.0,0.0,0.0,,
258392751,,can,1079.7,10.69,TRY,2025-01-22T14:09:53.387,Paket SipariÅŸi,KapandÄ±,Truffles Burger MenÃ¼,3.0,359.9,1079.7,,"Cajun BaharatÄ± Ä°stiyorum, Normal PiÅŸim, Eldiven Ä°stiyorum"
258393701,,can,396.41,40.58,TRY,2025-01-22T14:12:47.43,Paket SipariÅŸi,KapandÄ±,Burgerator Burger (100 g) MenÃ¼,1.0,446.41,446.41,,
258393701,,can,396.41,40.58,TRY,2025-01-22T14:12:47.43,Paket SipariÅŸi,KapandÄ±,Sos Ä°stemiyorum,1.0,0.0,0.0,,
258393701,,can,396.41,40.58,TRY,2025-01-22T14:12:47.43,Paket SipariÅŸi,KapandÄ±,Ayran (25 cl.),1.0,0.0,0.0,,
258393701,,can,396.41,40.58,TRY,2025-01-22T14:12:47.43,Paket SipariÅŸi,KapandÄ±,Normal PiÅŸmiÅŸ,1.0,0.0,0.0,,
258394431,,can,407.81,41.62,TRY,2025-01-22T14:15:02.827,Paket SipariÅŸi,KapandÄ±,Burgerator Burger (100 g) MenÃ¼,1.0,457.81,457.81,,
258394431,,can,407.81,41.62,TRY,2025-01-22T14:15:02.827,Paket SipariÅŸi,KapandÄ±,Orta PiÅŸmiÅŸ,1.0,0.0,0.0,,
258394431,,can,407.81,41.62,TRY,2025-01-22T14:15:02.827,Paket SipariÅŸi,KapandÄ±,Lipton Ice Tea Mango (33 cl.),1.0,0.0,0.0,,
258394431,,can,407.81,41.62,TRY,2025-01-22T14:15:02.827,Paket SipariÅŸi,KapandÄ±,BarbekÃ¼ Sos,1.0,0.0,0.0,,
258394431,,can,407.81,41.62,TRY,2025-01-22T14:15:02.827,Paket SipariÅŸi,KapandÄ±,BallÄ± Harda,1.0,0.0,0.0,,
258401784,BahÃ§e Masa 1,can,789.8,7.82,TRY,2025-01-22T14:36:09.333,Masa SipariÅŸi,KapandÄ±,COLA ÅEKERSÄ°Z,1.0,0.0,0.0,,
258401784,BahÃ§e Masa 1,can,789.8,7.82,TRY,2025-01-22T14:36:09.333,Masa SipariÅŸi,KapandÄ±,ICE TEA ÅEFTALÄ°,1.0,0.0,0.0,,
258401784,BahÃ§e Masa 1,can,789.8,7.82,TRY,2025-01-22T14:36:09.333,Masa SipariÅŸi,KapandÄ±,Burgerator Burger MenÃ¼,1.0,394.9,394.9,,"Cajun BaharatÄ± Ä°stiyorum, Normal PiÅŸim, Eldiven Ä°stiyorum"
258401784,BahÃ§e Masa 1,can,789.8,7.82,TRY,2025-01-22T14:36:09.333,Masa SipariÅŸi,KapandÄ±,Burgerator Burger MenÃ¼,1.0,394.9,394.9,,"Cajun BaharatÄ± Ä°stiyorum, Eldiven Ä°stiyorum, Normal PiÅŸim"
258402805,,can,404.01,41.27,TRY,2025-01-22T14:39:09.947,Paket SipariÅŸi,KapandÄ±,COLA ÅEKERSÄ°Z,1.0,0.0,0.0,,
258402805,,can,404.01,41.27,TRY,2025-01-22T14:39:09.947,Paket SipariÅŸi,KapandÄ±,Extra Truff mantar sos,1.0,0.0,0.0,,
258402805,,can,404.01,41.27,TRY,2025-01-22T14:39:09.947,Paket SipariÅŸi,KapandÄ±,BBQ Burger (100 g) MenÃ¼,1.0,454.01,454.01,,
258402805,,can,404.01,41.27,TRY,2025-01-22T14:39:09.947,Paket SipariÅŸi,KapandÄ±,Orta PiÅŸmiÅŸ,1.0,0.0,0.0,,
258403630,,can,842.82,81.16,TRY,2025-01-22T14:41:27.5,Paket SipariÅŸi,KapandÄ±,COLA ÅEKERSÄ°Z,1.0,0.0,0.0,,
258403630,,can,842.82,81.16,TRY,2025-01-22T14:41:27.5,Paket SipariÅŸi,KapandÄ±,Burgerator Burger (100 g) MenÃ¼,1.0,446.41,446.41,,
258403630,,can,842.82,81.16,TRY,2025-01-22T14:41:27.5,Paket SipariÅŸi,KapandÄ±,Burgerator Burger (100 g) MenÃ¼,1.0,446.41,446.41,,
258403630,,can,842.82,81.16,TRY,2025-01-22T14:41:27.5,Paket SipariÅŸi,KapandÄ±,Sos Ä°stemiyorum,1.0,0.0,0.0,,
258403630,,can,842.82,81.16,TRY,2025-01-22T14:41:27.5,Paket SipariÅŸi,KapandÄ±,Sos Ä°stemiyorum,1.0,0.0,0.0,,
258403630,,can,842.82,81.16,TRY,2025-01-22T14:41:27.5,Paket SipariÅŸi,KapandÄ±,Ayran (25 cl.),1.0,0.0,0.0,,
258403630,,can,842.82,81.16,TRY,2025-01-22T14:41:27.5,Paket SipariÅŸi,KapandÄ±,Normal PiÅŸmiÅŸ,1.0,0.0,0.0,,
258403630,,can,842.82,81.16,TRY,2025-01-22T14:41:27.5,Paket SipariÅŸi,KapandÄ±,Normal PiÅŸmiÅŸ,1.0,0.0,0.0,,
258403940,,can,395.16,35.92,TRY,2025-01-22T14:42:18.603,Paket SipariÅŸi,KapandÄ±,Burgerator Burger (100 g) MenÃ¼,1.0,395.16,395.16,,
258403940,,can,395.16,35.92,TRY,2025-01-22T14:42:18.603,Paket SipariÅŸi,KapandÄ±,Lipton Ice Tea (330 ml),1.0,0.0,0.0,Åeftali,
258403940,,can,395.16,35.92,TRY,2025-01-22T14:42:18.603,Paket SipariÅŸi,KapandÄ±,Burger,1.0,0.0,0.0,Normal PiÅŸmiÅŸ,
258409115,BahÃ§e Masa 2,can,349.6,3.46,TRY,2025-01-22T14:57:00.057,Masa SipariÅŸi,KapandÄ±,FANTA,1.0,0.0,0.0,,
258409115,BahÃ§e Masa 2,can,349.6,3.46,TRY,2025-01-22T14:57:00.057,Masa SipariÅŸi,KapandÄ±,Burgerator Burger MenÃ¼,1.0,349.6,349.6,,"Cajun BaharatÄ± Ä°stiyorum, Normal PiÅŸim"
258410776,,can,396.9,36.08,TRY,2025-01-22T15:01:49.1,Paket SipariÅŸi,KapandÄ±,COLA ÅEKERSÄ°Z,1.0,0.0,0.0,Ä°Ã§ecek Tercihi,
258410776,,can,396.9,36.08,TRY,2025-01-22T15:01:49.1,Paket SipariÅŸi,KapandÄ±,Truffles Burger (100 g) MenÃ¼,1.0,396.9,396.9,Ekstra trÃ¼flÃ¼ mayonez koyma ÅŸansÄ±nÄ±z var mÄ± ?,
258412403,,can,790.33,71.84,TRY,2025-01-22T15:06:37.993,Paket SipariÅŸi,KapandÄ±,Coca Cola (330 ml),1.0,0.0,0.0,,
258412403,,can,790.33,71.84,TRY,2025-01-22T15:06:37.993,Paket SipariÅŸi,KapandÄ±,COLA ÅEKERSÄ°Z,1.0,0.0,0.0,,
258412403,,can,790.33,71.84,TRY,2025-01-22T15:06:37.993,Paket SipariÅŸi,KapandÄ±,Burgerator Burger (100 g) MenÃ¼,1.0,395.17,395.17,,
258412403,,can,790.33,71.84,TRY,2025-01-22T15:06:37.993,Paket SipariÅŸi,KapandÄ±,Burgerator Burger (100 g) MenÃ¼,1.0,395.17,395.17,,
258412403,,can,790.33,71.84,TRY,2025-01-22T15:06:37.993,Paket SipariÅŸi,KapandÄ±,Burger,1.0,0.0,0.0,Orta PiÅŸmiÅŸ,
258412403,,can,790.33,71.84,TRY,2025-01-22T15:06:37.993,Paket SipariÅŸi,KapandÄ±,Burger,1.0,0.0,0.0,Normal PiÅŸmiÅŸ,
258412903,,can,919.19,83.57,TRY,2025-01-22T15:08:05.813,Paket SipariÅŸi,KapandÄ±,COLA ÅEKERSÄ°Z,1.0,0.0,0.0,,
258412903,,can,919.19,83.57,TRY,2025-01-22T15:08:05.813,Paket SipariÅŸi,KapandÄ±,COLA ÅEKERSÄ°Z,1.0,0.0,0.0,,
258412903,,can,919.19,83.57,TRY,2025-01-22T15:08:05.813,Paket SipariÅŸi,KapandÄ±,Burgerator Burger (100 g) MenÃ¼,1.0,395.75,395.75,,
258412903,,can,919.19,83.57,TRY,2025-01-22T15:08:05.813,Paket SipariÅŸi,KapandÄ±,Burgerator Burger (200 g) MenÃ¼,1.0,523.44,523.44,,
258412903,,can,919.19,83.57,TRY,2025-01-22T15:08:05.813,Paket SipariÅŸi,KapandÄ±,Burger,1.0,0.0,0.0,Normal PiÅŸmiÅŸ|Cheddar Peyniri,
258412903,,can,919.19,83.57,TRY,2025-01-22T15:08:05.813,Paket SipariÅŸi,KapandÄ±,Burger,1.0,0.0,0.0,Normal PiÅŸmiÅŸ,
258421693,,can,807.33,73.39,TRY,2025-01-22T15:32:25.573,Paket SipariÅŸi,KapandÄ±,Coca Cola (330 ml),2.0,0.0,0.0,,
258421693,,can,807.33,73.39,TRY,2025-01-22T15:32:25.573,Paket SipariÅŸi,KapandÄ±,Truffles Burger (100 gr.) MenÃ¼,2.0,403.67,807.34,,
258421693,,can,807.33,73.39,TRY,2025-01-22T15:32:25.573,Paket SipariÅŸi,KapandÄ±,Burger,2.0,0.0,0.0,Orta PiÅŸmiÅŸ,
258422190,,can,419.7,38.16,TRY,2025-01-22T15:33:54.08,Paket SipariÅŸi,KapandÄ±,COLA ÅEKERSÄ°Z,1.0,0.0,0.0,Ä°Ã§ecek Tercihi,
258422190,,can,419.7,38.16,TRY,2025-01-22T15:33:54.08,Paket SipariÅŸi,KapandÄ±,Ranch Sos,1.0,9.9,9.9,,
258422190,,can,419.7,38.16,TRY,2025-01-22T15:33:54.08,Paket SipariÅŸi,KapandÄ±,Burgerator Burger (100 g) MenÃ¼,1.0,389.9,389.9,,
258422190,,can,419.7,38.16,TRY,2025-01-22T15:33:54.08,Paket SipariÅŸi,KapandÄ±,TrÃ¼f MantarlÄ± Sos,1.0,19.9,19.9,,
258422222,,can,389.9,35.45,TRY,2025-01-22T15:34:00.813,Paket SipariÅŸi,KapandÄ±,Burgerator Burger (100 g) MenÃ¼,1.0,389.9,389.9,,
258422222,,can,389.9,35.45,TRY,2025-01-22T15:34:00.813,Paket SipariÅŸi,KapandÄ±,Susurluk AyranÄ± (Cam ÅiÅŸe) (245 ml),1.0,0.0,0.0,Ä°Ã§ecek Tercihi,
258423808,,can,463.16,42.11,TRY,2025-01-22T15:38:19.717,Paket SipariÅŸi,KapandÄ±,Burgerator Burger (140 g) MenÃ¼,1.0,463.16,463.16,,
258423808,,can,463.16,42.11,TRY,2025-01-22T15:38:19.717,Paket SipariÅŸi,KapandÄ±,Lipton Ice Tea (330 ml),1.0,0.0,0.0,Limon,
258423808,,can,463.16,42.11,TRY,2025-01-22T15:38:19.717,Paket SipariÅŸi,KapandÄ±,Burger,1.0,0.0,0.0,Orta PiÅŸmiÅŸ,
258425996,,can,463.16,42.11,TRY,2025-01-22T15:44:12.9,Paket SipariÅŸi,KapandÄ±,Coca Cola (330 ml),1.0,0.0,0.0,,
258425996,,can,463.16,42.11,TRY,2025-01-22T15:44:12.9,Paket SipariÅŸi,KapandÄ±,Thunder Burger (140 g) MenÃ¼,1.0,463.16,463.16,,
258425996,,can,463.16,42.11,TRY,2025-01-22T15:44:12.9,Paket SipariÅŸi,KapandÄ±,Burger,1.0,0.0,0.0,Normal PiÅŸmiÅŸ,
258428563,,can,263.13,28.47,TRY,2025-01-22T15:51:29.477,Paket SipariÅŸi,KapandÄ±,SoÄŸan HalkasÄ±,1.0,94.91,94.91,,
258428563,,can,263.13,28.47,TRY,2025-01-22T15:51:29.477,Paket SipariÅŸi,KapandÄ±,Cajun Soslu Patates KÄ±zartmasÄ±,2.0,94.91,189.82,,
258428563,,can,263.13,28.47,TRY,2025-01-22T15:51:29.477,Paket SipariÅŸi,KapandÄ±,Soda (20 cl.),1.0,28.4,28.4,,
258429260,,can,465.9,5.1,TRY,2025-01-22T15:53:22.547,Paket SipariÅŸi,KapandÄ±,COLA ÅEKERSÄ°Z,1.0,0.0,0.0,,
258429260,,can,465.9,5.1,TRY,2025-01-22T15:53:22.547,Paket SipariÅŸi,KapandÄ±,KÃ¶z PatlÄ±canlÄ± Burger MenÃ¼,1.0,459.9,459.9,,"Eldiven Ä°stiyorum, Cajun BaharatÄ± Ä°stiyorum, Normal PiÅŸim"
258429260,,can,465.9,5.1,TRY,2025-01-22T15:53:22.547,Paket SipariÅŸi,KapandÄ±,Hot Chili Sos,1.0,6.0,6.0,,
258432361,,can,1210.98,110.09,TRY,2025-01-22T16:01:53.82,Paket SipariÅŸi,KapandÄ±,Coca Cola (330 ml),1.0,0.0,0.0,,
258432361,,can,1210.98,110.09,TRY,2025-01-22T16:01:53.82,Paket SipariÅŸi,KapandÄ±,Burger,2.0,0.0,0.0,Normal PiÅŸmiÅŸ,
258432361,,can,1210.98,110.09,TRY,2025-01-22T16:01:53.82,Paket SipariÅŸi,KapandÄ±,Burger,1.0,0.0,0.0,Normal PiÅŸmiÅŸ,
258432361,,can,1210.98,110.09,TRY,2025-01-22T16:01:53.82,Paket SipariÅŸi,KapandÄ±,"Susurluk Ayran (24,5 cl.)",2.0,0.0,0.0,,
258432361,,can,1210.98,110.09,TRY,2025-01-22T16:01:53.82,Paket SipariÅŸi,KapandÄ±,Hot Chili Burger (100 gr.) MenÃ¼,1.0,403.66,403.66,,
258432361,,can,1210.98,110.09,TRY,2025-01-22T16:01:53.82,Paket SipariÅŸi,KapandÄ±,Hot Chili Burger (100 gr.) MenÃ¼,2.0,403.66,807.32,,
258435580,,can,1363.98,124.0,TRY,2025-01-22T16:10:44.453,Paket SipariÅŸi,KapandÄ±,Coca Cola (330 ml),2.0,0.0,0.0,,
258435580,,can,1363.98,124.0,TRY,2025-01-22T16:10:44.453,Paket SipariÅŸi,KapandÄ±,Coca Cola (330 ml),1.0,0.0,0.0,,
258435580,,can,1363.98,124.0,TRY,2025-01-22T16:10:44.453,Paket SipariÅŸi,KapandÄ±,Truffles Burger (140 g) MenÃ¼,1.0,463.16,463.16,,
258435580,,can,1363.98,124.0,TRY,2025-01-22T16:10:44.453,Paket SipariÅŸi,KapandÄ±,Burger,1.0,0.0,0.0,Normal PiÅŸmiÅŸ,
258435580,,can,1363.98,124.0,TRY,2025-01-22T16:10:44.453,Paket SipariÅŸi,KapandÄ±,Burger,2.0,0.0,0.0,Normal PiÅŸmiÅŸ,
258435580,,can,1363.98,124.0,TRY,2025-01-22T16:10:44.453,Paket SipariÅŸi,KapandÄ±,Thunder Burger (100 gr.) MenÃ¼,2.0,450.41,900.82,,
258441074,BahÃ§e Masa 1,can,1748.0,17.31,TRY,2025-01-22T16:26:01.697,Masa SipariÅŸi,KapandÄ±,Coca Cola (330 ml),5.0,0.0,0.0,,
258441074,BahÃ§e Masa 1,can,1748.0,17.31,TRY,2025-01-22T16:26:01.697,Masa SipariÅŸi,KapandÄ±,Burgerator Burger MenÃ¼,5.0,349.6,1748.0,,Cajun BaharatÄ± Ä°stiyorum
258442223,,can,429.66,43.61,TRY,2025-01-22T16:29:11.633,Paket SipariÅŸi,KapandÄ±,Coca Cola (330 ml),1.0,0.0,0.0,,
258442223,,can,429.66,43.61,TRY,2025-01-22T16:29:11.633,Paket SipariÅŸi,KapandÄ±,BBQ Burger (140 g) MenÃ¼,1.0,479.66,479.66,,
258442223,,can,429.66,43.61,TRY,2025-01-22T16:29:11.633,Paket SipariÅŸi,KapandÄ±,Sos Ä°stemiyorum,1.0,0.0,0.0,,
258442223,,can,429.66,43.61,TRY,2025-01-22T16:29:11.633,Paket SipariÅŸi,KapandÄ±,Normal PiÅŸmiÅŸ,1.0,0.0,0.0,,
258444370,,can,396.41,40.58,TRY,2025-01-22T16:35:12.833,Paket SipariÅŸi,KapandÄ±,Coca Cola (330 ml),1.0,0.0,0.0,,
258444370,,can,396.41,40.58,TRY,2025-01-22T16:35:12.833,Paket SipariÅŸi,KapandÄ±,Burgerator Burger (100 g) MenÃ¼,1.0,446.41,446.41,,
258444370,,can,396.41,40.58,TRY,2025-01-22T16:35:12.833,Paket SipariÅŸi,KapandÄ±,Sos Ä°stemiyorum,1.0,0.0,0.0,,
258444370,,can,396.41,40.58,TRY,2025-01-22T16:35:12.833,Paket SipariÅŸi,KapandÄ±,Orta PiÅŸmiÅŸ,1.0,0.0,0.0,,
258445545,,can,528.47,48.04,TRY,2025-01-22T16:38:25.057,Paket SipariÅŸi,KapandÄ±,Burgerator Burger (200 g) MenÃ¼,1.0,528.47,528.47,,
258445545,,can,528.47,48.04,TRY,2025-01-22T16:38:25.057,Paket SipariÅŸi,KapandÄ±,Burger,1.0,0.0,0.0,Orta PiÅŸmiÅŸ|Roast Beef|KetÃ§ap,
258445545,,can,528.47,48.04,TRY,2025-01-22T16:38:25.057,Paket SipariÅŸi,KapandÄ±,"Susurluk Ayran (24,5 cl.)",1.0,0.0,0.0,,
258449729,,can,396.41,40.58,TRY,2025-01-22T16:50:19.263,Paket SipariÅŸi,KapandÄ±,Burgerator Burger (100 g) MenÃ¼,1.0,446.41,446.41,,
258449729,,can,396.41,40.58,TRY,2025-01-22T16:50:19.263,Paket SipariÅŸi,KapandÄ±,Sos Ä°stemiyorum,1.0,0.0,0.0,,
258449729,,can,396.41,40.58,TRY,2025-01-22T16:50:19.263,Paket SipariÅŸi,KapandÄ±,Ayran (25 cl.),1.0,0.0,0.0,,
258449729,,can,396.41,40.58,TRY,2025-01-22T16:50:19.263,Paket SipariÅŸi,KapandÄ±,Normal PiÅŸmiÅŸ,1.0,0.0,0.0,,
258450166,,can,463.16,42.11,TRY,2025-01-22T16:51:41.51,Paket SipariÅŸi,KapandÄ±,Coca Cola (330 ml),1.0,0.0,0.0,,
258450166,,can,463.16,42.11,TRY,2025-01-22T16:51:41.51,Paket SipariÅŸi,KapandÄ±,Truffles Burger (140 g) MenÃ¼,1.0,463.16,463.16,,
258450166,,can,463.16,42.11,TRY,2025-01-22T16:51:41.51,Paket SipariÅŸi,KapandÄ±,Burger,1.0,0.0,0.0,Normal PiÅŸmiÅŸ,
258451081,,can,404.9,4.01,TRY,2025-01-22T16:54:14.903,Paket SipariÅŸi,KapandÄ±,KÃ¶z PatlÄ±canlÄ± Burger MenÃ¼,1.0,404.9,404.9, | Ã–zellikler Gramaj SeÃ§imi : 100 Gr. â— Ekmek SeÃ§imi : Normal Ekmek â— PiÅŸme Derecesi : Normal PiÅŸmiÅŸ â— Ekstra Sos : Garlic Sos â— Ekstra Malzeme : Ä°stemiyorum,
258451081,,can,404.9,4.01,TRY,2025-01-22T16:54:14.903,Paket SipariÅŸi,KapandÄ±,Coca-cola (33 Cl.),1.0,0.0,0.0,,
258452280,,can,809.5,73.59,TRY,2025-01-22T16:57:27.893,Paket SipariÅŸi,KapandÄ±,COLA ÅEKERSÄ°Z,2.0,0.0,0.0,Ä°Ã§ecek Tercihi,
258452280,,can,809.5,73.59,TRY,2025-01-22T16:57:27.893,Paket SipariÅŸi,KapandÄ±,Ranch Sos,2.0,9.9,19.8,,
258452280,,can,809.5,73.59,TRY,2025-01-22T16:57:27.893,Paket SipariÅŸi,KapandÄ±,BallÄ± Hardal Sos,1.0,9.9,9.9,,
258452280,,can,809.5,73.59,TRY,2025-01-22T16:57:27.893,Paket SipariÅŸi,KapandÄ±,BBQ Burger (100 g) MenÃ¼,2.0,389.9,779.8,,
258453916,,can,945.6,85.96,TRY,2025-01-22T17:02:00.89,Paket SipariÅŸi,KapandÄ±,Coca Cola (330 ml),1.0,0.0,0.0,,
258453916,,can,945.6,85.96,TRY,2025-01-22T17:02:00.89,Paket SipariÅŸi,KapandÄ±,COLA ÅEKERSÄ°Z,1.0,0.0,0.0,,
258453916,,can,945.6,85.96,TRY,2025-01-22T17:02:00.89,Paket SipariÅŸi,KapandÄ±,Burgerator Burger (100 g) MenÃ¼,1.0,395.16,395.16,,
258453916,,can,945.6,85.96,TRY,2025-01-22T17:02:00.89,Paket SipariÅŸi,KapandÄ±,Burgerator Burger (100 g) MenÃ¼,1.0,395.16,395.16,,
258453916,,can,945.6,85.96,TRY,2025-01-22T17:02:00.89,Paket SipariÅŸi,KapandÄ±,Mozarella Sticks,1.0,127.41,127.41,,
258453916,,can,945.6,85.96,TRY,2025-01-22T17:02:00.89,Paket SipariÅŸi,KapandÄ±,Ranch Sos,1.0,10.96,10.96,,
258453916,,can,945.6,85.96,TRY,2025-01-22T17:02:00.89,Paket SipariÅŸi,KapandÄ±,Burger,1.0,0.0,0.0,Orta PiÅŸmiÅŸ,
258453916,,can,945.6,85.96,TRY,2025-01-22T17:02:00.89,Paket SipariÅŸi,KapandÄ±,Burger,1.0,0.0,0.0,Orta PiÅŸmiÅŸ,
258453916,,can,945.6,85.96,TRY,2025-01-22T17:02:00.89,Paket SipariÅŸi,KapandÄ±,TrÃ¼ff Mantar Sos,1.0,16.91,16.91,,
258457386,,can,1057.23,96.11,TRY,2025-01-22T17:11:36.33,Paket SipariÅŸi,KapandÄ±,Coca Cola (330 ml),1.0,0.0,0.0,,
258457386,,can,1057.23,96.11,TRY,2025-01-22T17:11:36.33,Paket SipariÅŸi,KapandÄ±,Coca Cola (330 ml),1.0,0.0,0.0,,
258457386,,can,1057.23,96.11,TRY,2025-01-22T17:11:36.33,Paket SipariÅŸi,KapandÄ±,Hot Chili Burger (200 g) MenÃ¼,1.0,532.87,532.87,,
258457386,,can,1057.23,96.11,TRY,2025-01-22T17:11:36.33,Paket SipariÅŸi,KapandÄ±,Truffles Burger (200 g) MenÃ¼,1.0,524.37,524.37,,
258457386,,can,1057.23,96.11,TRY,2025-01-22T17:11:36.33,Paket SipariÅŸi,KapandÄ±,Burger,1.0,0.0,0.0,Normal PiÅŸmiÅŸ,
258457386,,can,1057.23,96.11,TRY,2025-01-22T17:11:36.33,Paket SipariÅŸi,KapandÄ±,Burger,1.0,0.0,0.0,Normal PiÅŸmiÅŸ,
258458071,,can,1199.7,11.88,TRY,2025-01-22T17:13:33.403,Paket SipariÅŸi,KapandÄ±,Coca Cola (330 ml),1.0,0.0,0.0,,
258458071,,can,1199.7,11.88,TRY,2025-01-22T17:13:33.403,Paket SipariÅŸi,KapandÄ±,Susurluk AyranÄ± (250 ml),2.0,0.0,0.0,,
258458071,,can,1199.7,11.88,TRY,2025-01-22T17:13:33.403,Paket SipariÅŸi,KapandÄ±,Anadolu Burger MenÃ¼,2.0,399.9,799.8,,"Cajun BaharatÄ± Ä°stiyorum, Normal PiÅŸim"
258458071,,can,1199.7,11.88,TRY,2025-01-22T17:13:33.403,Paket SipariÅŸi,KapandÄ±,Anadolu Burger MenÃ¼,1.0,399.9,399.9,,"Cajun BaharatÄ± Ä°stiyorum, Normal PiÅŸim"
258459239,,can,540.94,49.17,TRY,2025-01-22T17:16:45.633,Paket SipariÅŸi,KapandÄ±,Mozarella Sticks,1.0,127.74,127.74,,
258459239,,can,540.94,49.17,TRY,2025-01-22T17:16:45.633,Paket SipariÅŸi,KapandÄ±,Truffles Burger (100 gr.) MenÃ¼,1.0,413.2,413.2,,
258459239,,can,540.94,49.17,TRY,2025-01-22T17:16:45.633,Paket SipariÅŸi,KapandÄ±,Burger,1.0,0.0,0.0,Normal PiÅŸmiÅŸ|Cheddar Peyniri,
258459239,,can,540.94,49.17,TRY,2025-01-22T17:16:45.633,Paket SipariÅŸi,KapandÄ±,"Susurluk Ayran (24,5 cl.)",1.0,0.0,0.0,,
258462066,,can,779.8,70.89,TRY,2025-01-22T17:24:45.907,Paket SipariÅŸi,KapandÄ±,Burgerator Burger (100 g) MenÃ¼,2.0,389.9,779.8,,
258462066,,can,779.8,70.89,TRY,2025-01-22T17:24:45.907,Paket SipariÅŸi,KapandÄ±,Susurluk AyranÄ± (Cam ÅiÅŸe) (245 ml),2.0,0.0,0.0,Ä°Ã§ecek Tercihi,
258462413,,can,801.28,72.85,TRY,2025-01-22T17:25:40.573,Paket SipariÅŸi,KapandÄ±,Burgerator Burger (100 g) MenÃ¼,2.0,395.16,790.32,,
258462413,,can,801.28,72.85,TRY,2025-01-22T17:25:40.573,Paket SipariÅŸi,KapandÄ±,Lipton Ice Tea (330 ml),2.0,0.0,0.0,Limon,
258462413,,can,801.28,72.85,TRY,2025-01-22T17:25:40.573,Paket SipariÅŸi,KapandÄ±,Hot Chili Sos,1.0,10.96,10.96,,
258462413,,can,801.28,72.85,TRY,2025-01-22T17:25:40.573,Paket SipariÅŸi,KapandÄ±,Burger,2.0,0.0,0.0,Normal PiÅŸmiÅŸ,
258464252,,can,1989.5,19.7,TRY,2025-01-22T17:30:44.87,Gel-Al SatÄ±ÅŸ,KapandÄ±,Coca Cola (330 ml),2.0,0.0,0.0,,
258464252,,can,1989.5,19.7,TRY,2025-01-22T17:30:44.87,Gel-Al SatÄ±ÅŸ,KapandÄ±,COLA ÅEKERSÄ°Z,1.0,0.0,0.0,,
258464252,,can,1989.5,19.7,TRY,2025-01-22T17:30:44.87,Gel-Al SatÄ±ÅŸ,KapandÄ±,COLA ÅEKERSÄ°Z,1.0,0.0,0.0,,
258464252,,can,1989.5,19.7,TRY,2025-01-22T17:30:44.87,Gel-Al SatÄ±ÅŸ,KapandÄ±,COLA ÅEKERSÄ°Z,1.0,0.0,0.0,,
258464252,,can,1989.5,19.7,TRY,2025-01-22T17:30:44.87,Gel-Al SatÄ±ÅŸ,KapandÄ±,Burgerator Burger MenÃ¼,2.0,394.9,789.8,,"Cajun BaharatÄ± Ä°stiyorum, Eldiven Ä°stiyorum, Normal PiÅŸim"
258464252,,can,1989.5,19.7,TRY,2025-01-22T17:30:44.87,Gel-Al SatÄ±ÅŸ,KapandÄ±,Thunder Burger MenÃ¼,1.0,434.9,434.9,,"Eldiven Ä°stiyorum, Cajun BaharatÄ± Ä°stiyorum, Normal PiÅŸim"
258464252,,can,1989.5,19.7,TRY,2025-01-22T17:30:44.87,Gel-Al SatÄ±ÅŸ,KapandÄ±,Truffles Burger MenÃ¼,1.0,404.9,404.9,,"Cajun BaharatÄ± Ä°stiyorum, Normal PiÅŸim, Eldiven Ä°stiyorum"
258464252,,can,1989.5,19.7,TRY,2025-01-22T17:30:44.87,Gel-Al SatÄ±ÅŸ,KapandÄ±,Truffles Burger MenÃ¼,1.0,359.9,359.9,,"Cajun BaharatÄ± Ä°stiyorum, Normal PiÅŸim, Eldiven Ä°stiyorum"
258465190,,can,789.8,7.82,TRY,2025-01-22T17:33:13.67,Paket SipariÅŸi,KapandÄ±,Susurluk AyranÄ± (250 ml),2.0,0.0,0.0,,
258465190,,can,789.8,7.82,TRY,2025-01-22T17:33:13.67,Paket SipariÅŸi,KapandÄ±,Burgerator Burger MenÃ¼,2.0,394.9,789.8,,"Normal PiÅŸim, Eldiven Ä°stiyorum, Cajun BaharatÄ± Ä°stiyorum"
258465307,,can,389.9,35.45,TRY,2025-01-22T17:33:31.88,Paket SipariÅŸi,KapandÄ±,Coca Cola (330 ml),1.0,0.0,0.0,Ä°Ã§ecek Tercihi,
258465307,,can,389.9,35.45,TRY,2025-01-22T17:33:31.88,Paket SipariÅŸi,KapandÄ±,Burgerator Burger (100 g) MenÃ¼,1.0,389.9,389.9,,
258465856,,can,481.91,43.81,TRY,2025-01-22T17:35:10.2,Paket SipariÅŸi,KapandÄ±,Truffles Burger (140 g) MenÃ¼,1.0,481.91,481.91,,
258465856,,can,481.91,43.81,TRY,2025-01-22T17:35:10.2,Paket SipariÅŸi,KapandÄ±,Burger,1.0,0.0,0.0,Normal PiÅŸmiÅŸ|Garlic Sos|TrÃ¼ff Mantar Sos,
258465856,,can,481.91,43.81,TRY,2025-01-22T17:35:10.2,Paket SipariÅŸi,KapandÄ±,"Susurluk Ayran (24,5 cl.)",1.0,0.0,0.0,,
258465987,,can,435.36,44.12,TRY,2025-01-22T17:35:32.937,Paket SipariÅŸi,KapandÄ±,Coca Cola (330 ml),1.0,0.0,0.0,,
258465987,,can,435.36,44.12,TRY,2025-01-22T17:35:32.937,Paket SipariÅŸi,KapandÄ±,Burgerator Burger (140 g) MenÃ¼,1.0,485.36,485.36,,
258465987,,can,435.36,44.12,TRY,2025-01-22T17:35:32.937,Paket SipariÅŸi,KapandÄ±,Normal PiÅŸmiÅŸ,1.0,0.0,0.0,,
258465987,,can,435.36,44.12,TRY,2025-01-22T17:35:32.937,Paket SipariÅŸi,KapandÄ±,Ranch Sos,1.0,0.0,0.0,,
258466931,,can,807.23,73.39,TRY,2025-01-22T17:38:07.057,Paket SipariÅŸi,KapandÄ±,Burgerator Burger (100 g) MenÃ¼,2.0,395.16,790.32,,
258466931,,can,807.23,73.39,TRY,2025-01-22T17:38:07.057,Paket SipariÅŸi,KapandÄ±,Burger,2.0,0.0,0.0,Normal PiÅŸmiÅŸ,
258466931,,can,807.23,73.39,TRY,2025-01-22T17:38:07.057,Paket SipariÅŸi,KapandÄ±,"Susurluk Ayran (24,5 cl.)",2.0,0.0,0.0,,
258466931,,can,807.23,73.39,TRY,2025-01-22T17:38:07.057,Paket SipariÅŸi,KapandÄ±,TrÃ¼ff Mantar Sos,1.0,16.91,16.91,,
258467535,,can,403.66,36.7,TRY,2025-01-22T17:39:35.693,Paket SipariÅŸi,KapandÄ±,Lipton Ice Tea (330 ml),1.0,0.0,0.0,Limon,
258467535,,can,403.66,36.7,TRY,2025-01-22T17:39:35.693,Paket SipariÅŸi,KapandÄ±,Burger,1.0,0.0,0.0,Normal PiÅŸmiÅŸ,
258467535,,can,403.66,36.7,TRY,2025-01-22T17:39:35.693,Paket SipariÅŸi,KapandÄ±,Hot Chili Burger (100 gr.) MenÃ¼,1.0,403.66,403.66,,
258468729,,can,395.16,35.92,TRY,2025-01-22T17:42:32.42,Paket SipariÅŸi,KapandÄ±,BBQ Burger (100 g) MenÃ¼,1.0,395.16,395.16,,
258468729,,can,395.16,35.92,TRY,2025-01-22T17:42:32.42,Paket SipariÅŸi,KapandÄ±,Lipton Ice Tea (330 ml),1.0,0.0,0.0,Limon,
258468729,,can,395.16,35.92,TRY,2025-01-22T17:42:32.42,Paket SipariÅŸi,KapandÄ±,Burger,1.0,0.0,0.0,Normal PiÅŸmiÅŸ,
258468925,,can,553.16,54.83,TRY,2025-01-22T17:43:04.603,Paket SipariÅŸi,KapandÄ±,Burgerator Burger (280 g) MenÃ¼,1.0,603.16,603.16,,
258468925,,can,553.16,54.83,TRY,2025-01-22T17:43:04.603,Paket SipariÅŸi,KapandÄ±,Sos Ä°stemiyorum,1.0,0.0,0.0,,
258468925,,can,553.16,54.83,TRY,2025-01-22T17:43:04.603,Paket SipariÅŸi,KapandÄ±,Normal PiÅŸmiÅŸ,1.0,0.0,0.0,,
258468925,,can,553.16,54.83,TRY,2025-01-22T17:43:04.603,Paket SipariÅŸi,KapandÄ±,Sprite (33 cl.),1.0,0.0,0.0,,
258468995,,can,473.03,43.0,TRY,2025-01-22T17:43:16.54,Paket SipariÅŸi,KapandÄ±,Coca Cola (330 ml),1.0,0.0,0.0,,
258468995,,can,473.03,43.0,TRY,2025-01-22T17:43:16.54,Paket SipariÅŸi,KapandÄ±,Burgerator Burger (140 g) MenÃ¼,1.0,473.03,473.03,,
258468995,,can,473.03,43.0,TRY,2025-01-22T17:43:16.54,Paket SipariÅŸi,KapandÄ±,Burger,1.0,0.0,0.0,Normal PiÅŸmiÅŸ|Cheddar Peyniri,
258469307,,can,463.16,42.11,TRY,2025-01-22T17:44:01.667,Paket SipariÅŸi,KapandÄ±,COLA ÅEKERSÄ°Z,1.0,0.0,0.0,,
258469307,,can,463.16,42.11,TRY,2025-01-22T17:44:01.667,Paket SipariÅŸi,KapandÄ±,Mushroom Burger (140 g) MenÃ¼,1.0,463.16,463.16,,
258469307,,can,463.16,42.11,TRY,2025-01-22T17:44:01.667,Paket SipariÅŸi,KapandÄ±,Burger,1.0,0.0,0.0,Normal PiÅŸmiÅŸ,
258469316,,can,798.83,72.62,TRY,2025-01-22T17:44:02.367,Paket SipariÅŸi,KapandÄ±,Burgerator Burger (100 g) MenÃ¼,1.0,395.17,395.17,,
258469316,,can,798.83,72.62,TRY,2025-01-22T17:44:02.367,Paket SipariÅŸi,KapandÄ±,Truffles Burger (100 gr.) MenÃ¼,1.0,403.67,403.67,,
258469316,,can,798.83,72.62,TRY,2025-01-22T17:44:02.367,Paket SipariÅŸi,KapandÄ±,Burger,1.0,0.0,0.0,Normal PiÅŸmiÅŸ,
258469316,,can,798.83,72.62,TRY,2025-01-22T17:44:02.367,Paket SipariÅŸi,KapandÄ±,Burger,1.0,0.0,0.0,Normal PiÅŸmiÅŸ,
258469316,,can,798.83,72.62,TRY,2025-01-22T17:44:02.367,Paket SipariÅŸi,KapandÄ±,"Susurluk Ayran (24,5 cl.)",1.0,0.0,0.0,,
258469316,,can,798.83,72.62,TRY,2025-01-22T17:44:02.367,Paket SipariÅŸi,KapandÄ±,"Susurluk Ayran (24,5 cl.)",1.0,0.0,0.0,,
258470192,,can,551.61,50.15,TRY,2025-01-22T17:46:14.363,Paket SipariÅŸi,KapandÄ±,Hot Chili Burger (200 g) MenÃ¼,1.0,551.61,551.61,,
258470192,,can,551.61,50.15,TRY,2025-01-22T17:46:14.363,Paket SipariÅŸi,KapandÄ±,Lipton Ice Tea (330 ml),1.0,0.0,0.0,Mango,
258470192,,can,551.61,50.15,TRY,2025-01-22T17:46:14.363,Paket SipariÅŸi,KapandÄ±,Burger,1.0,0.0,0.0,Normal PiÅŸmiÅŸ|BallÄ± Hardal Sos|TrÃ¼ff Mantar Sos,
258470871,,can,552.8,50.25,TRY,2025-01-22T17:47:57.137,Paket SipariÅŸi,KapandÄ±,COLA ÅEKERSÄ°Z,1.0,0.0,0.0,Ä°Ã§ecek Tercihi,
258470871,,can,552.8,50.25,TRY,2025-01-22T17:47:57.137,Paket SipariÅŸi,KapandÄ±,Anadolu Burger (100 g) MenÃ¼,1.0,452.9,452.9,,
258470871,,can,552.8,50.25,TRY,2025-01-22T17:47:57.137,Paket SipariÅŸi,KapandÄ±,Cajun Soslu Patates KÄ±zartmasÄ±,1.0,99.9,99.9,,
258473816,,can,389.9,35.45,TRY,2025-01-22T17:55:43.11,Paket SipariÅŸi,KapandÄ±,BBQ Burger (100 g) MenÃ¼,1.0,389.9,389.9,,
258473816,,can,389.9,35.45,TRY,2025-01-22T17:55:43.11,Paket SipariÅŸi,KapandÄ±,Lipton Ice Tea (330 ml),1.0,0.0,0.0,Ä°Ã§ecek Tercihi,
258473816,,can,389.9,35.45,TRY,2025-01-22T17:55:43.11,Paket SipariÅŸi,KapandÄ±,Lipton Ice Tea Limon (330 ml),1.0,0.0,0.0,Lipton Ice Tea Tercihi,
258474428,,can,402.07,36.55,TRY,2025-01-22T17:57:17.137,Paket SipariÅŸi,KapandÄ±,COLA ÅEKERSÄ°Z,1.0,0.0,0.0,,
258474428,,can,402.07,36.55,TRY,2025-01-22T17:57:17.137,Paket SipariÅŸi,KapandÄ±,Burgerator Burger (100 g) MenÃ¼,1.0,402.07,402.07,,
258474428,,can,402.07,36.55,TRY,2025-01-22T17:57:17.137,Paket SipariÅŸi,KapandÄ±,Burger,1.0,0.0,0.0,Normal PiÅŸmiÅŸ|Ranch Sos,
258475939,BahÃ§e Masa 1,can,1054.4,10.43,TRY,2025-01-22T18:01:09.07,Masa SipariÅŸi,KapandÄ±,Coca Cola (330 ml),1.0,0.0,0.0,,
258475939,BahÃ§e Masa 1,can,1054.4,10.43,TRY,2025-01-22T18:01:09.07,Masa SipariÅŸi,KapandÄ±,CAPPY VÄ°ÅNE,1.0,0.0,0.0,,
258475939,BahÃ§e Masa 1,can,1054.4,10.43,TRY,2025-01-22T18:01:09.07,Masa SipariÅŸi,KapandÄ±,COLA ÅEKERSÄ°Z,1.0,0.0,0.0,,
258475939,BahÃ§e Masa 1,can,1054.4,10.43,TRY,2025-01-22T18:01:09.07,Masa SipariÅŸi,KapandÄ±,Burgerator Burger MenÃ¼,1.0,349.6,334.6,,"Cajun BaharatÄ± Ä°stiyorum, Normal PiÅŸim, ET EKMEK Ã‡OCUK MENÃœ"
258475939,BahÃ§e Masa 1,can,1054.4,10.43,TRY,2025-01-22T18:01:09.07,Masa SipariÅŸi,KapandÄ±,Mushroom Burger MenÃ¼,1.0,359.9,359.9,,"Cajun BaharatÄ± Ä°stiyorum, Eldiven Ä°stiyorum, Normal PiÅŸim"
258475939,BahÃ§e Masa 1,can,1054.4,10.43,TRY,2025-01-22T18:01:09.07,Masa SipariÅŸi,KapandÄ±,Mushroom Burger MenÃ¼,1.0,359.9,359.9,,"Cajun BaharatÄ± Ä°stiyorum, Eldiven Ä°stiyorum, Normal PiÅŸim"
258477358,,can,388.9,35.35,TRY,2025-01-22T18:04:37.083,Paket SipariÅŸi,KapandÄ±,Coca-cola FÄ±rsatÄ± (Burgerator Burger MenÃ¼),1.0,388.9,388.9, | Ã–zellikler Ä°Ã§ecek SeÃ§imi : Coca-cola (33 Cl.),
258477942,,can,398.9,3.95,TRY,2025-01-22T18:06:01.503,Paket SipariÅŸi,KapandÄ±,Burgerator Burger MenÃ¼,1.0,398.9,398.9, | Ã–zellikler Gramaj SeÃ§imi : 100 Gr. â— Ekmek SeÃ§imi : Normal Ekmek â— PiÅŸme Derecesi : Normal PiÅŸmiÅŸ â— Ekstra Sos : Ä°stemiyorum â— Ekstra Malzeme : Ä°stemiyorum,
258477942,,can,398.9,3.95,TRY,2025-01-22T18:06:01.503,Paket SipariÅŸi,KapandÄ±,Coca-cola Zero Sugar (33 Cl.),1.0,0.0,0.0,,
258479194,,can,408.97,37.18,TRY,2025-01-22T18:09:03.653,Paket SipariÅŸi,KapandÄ±,Burgerator Burger (100 g) MenÃ¼,1.0,408.97,408.97,,
258479194,,can,408.97,37.18,TRY,2025-01-22T18:09:03.653,Paket SipariÅŸi,KapandÄ±,Burger,1.0,0.0,0.0,Normal PiÅŸmiÅŸ|Ranch Sos|BarbekÃ¼ Sos,
258479194,,can,408.97,37.18,TRY,2025-01-22T18:09:03.653,Paket SipariÅŸi,KapandÄ±,"Susurluk Ayran (24,5 cl.)",1.0,0.0,0.0,,
258479386,,can,842.82,81.17,TRY,2025-01-22T18:09:33.553,Paket SipariÅŸi,KapandÄ±,Coca Cola (330 ml),2.0,0.0,0.0,,
258479386,,can,842.82,81.17,TRY,2025-01-22T18:09:33.553,Paket SipariÅŸi,KapandÄ±,Burgerator Burger (100 g) MenÃ¼,2.0,446.41,892.82,,
258479386,,can,842.82,81.17,TRY,2025-01-22T18:09:33.553,Paket SipariÅŸi,KapandÄ±,Sos Ä°stemiyorum,2.0,0.0,0.0,,
258479386,,can,842.82,81.17,TRY,2025-01-22T18:09:33.553,Paket SipariÅŸi,KapandÄ±,Normal PiÅŸmiÅŸ,2.0,0.0,0.0,,
258479394,,can,854.22,82.2,TRY,2025-01-22T18:09:35.32,Paket SipariÅŸi,KapandÄ±,Burgerator Burger (100 g) MenÃ¼,2.0,452.11,904.22,,
258479394,,can,854.22,82.2,TRY,2025-01-22T18:09:35.32,Paket SipariÅŸi,KapandÄ±,Ayran (25 cl.),2.0,0.0,0.0,,
258479394,,can,854.22,82.2,TRY,2025-01-22T18:09:35.32,Paket SipariÅŸi,KapandÄ±,Orta PiÅŸmiÅŸ,2.0,0.0,0.0,,
258479394,,can,854.22,82.2,TRY,2025-01-22T18:09:35.32,Paket SipariÅŸi,KapandÄ±,Garlic Sos,2.0,0.0,0.0,,
258480407,,can,1151.58,104.69,TRY,2025-01-22T18:12:00.933,Paket SipariÅŸi,KapandÄ±,COLA ÅEKERSÄ°Z,1.0,0.0,0.0,,
258480407,,can,1151.58,104.69,TRY,2025-01-22T18:12:00.933,Paket SipariÅŸi,KapandÄ±,Mushroom Burger (200 g) MenÃ¼,1.0,531.17,531.17,,
258480407,,can,1151.58,104.69,TRY,2025-01-22T18:12:00.933,Paket SipariÅŸi,KapandÄ±,Anadolu Burger (280 g) MenÃ¼,1.0,620.42,620.42,,
258480407,,can,1151.58,104.69,TRY,2025-01-22T18:12:00.933,Paket SipariÅŸi,KapandÄ±,Sprite (330 ml),1.0,0.0,0.0,,
258480407,,can,1151.58,104.69,TRY,2025-01-22T18:12:00.933,Paket SipariÅŸi,KapandÄ±,Burger,1.0,0.0,0.0,Normal PiÅŸmiÅŸ,
258480407,,can,1151.58,104.69,TRY,2025-01-22T18:12:00.933,Paket SipariÅŸi,KapandÄ±,Burger,1.0,0.0,0.0,Normal PiÅŸmiÅŸ,
258481067,,can,3058.6,30.28,TRY,2025-01-22T18:13:33.857,Paket SipariÅŸi,KapandÄ±,FANTA,2.0,0.0,0.0,,
258481067,,can,3058.6,30.28,TRY,2025-01-22T18:13:33.857,Paket SipariÅŸi,KapandÄ±,Susurluk AyranÄ± (250 ml),1.0,0.0,0.0,,
258481067,,can,3058.6,30.28,TRY,2025-01-22T18:13:33.857,Paket SipariÅŸi,KapandÄ±,Susurluk AyranÄ± (250 ml),1.0,0.0,0.0,,
258481067,,can,3058.6,30.28,TRY,2025-01-22T18:13:33.857,Paket SipariÅŸi,KapandÄ±,Susurluk AyranÄ± (250 ml),2.0,0.0,0.0,,
258481067,,can,3058.6,30.28,TRY,2025-01-22T18:13:33.857,Paket SipariÅŸi,KapandÄ±,COLA ÅEKERSÄ°Z,1.0,0.0,0.0,,
258481067,,can,3058.6,30.28,TRY,2025-01-22T18:13:33.857,Paket SipariÅŸi,KapandÄ±,COLA ÅEKERSÄ°Z,1.0,0.0,0.0,,
258481067,,can,3058.6,30.28,TRY,2025-01-22T18:13:33.857,Paket SipariÅŸi,KapandÄ±,Burgerator Burger MenÃ¼,2.0,349.6,699.2,,"Cajun BaharatÄ± Ä°stiyorum, Normal PiÅŸim"
258481067,,can,3058.6,30.28,TRY,2025-01-22T18:13:33.857,Paket SipariÅŸi,KapandÄ±,Burgerator Burger MenÃ¼,1.0,394.9,394.9,,"Eldiven Ä°stiyorum, Cajun BaharatÄ± Ä°stiyorum, Normal PiÅŸim"
258481067,,can,3058.6,30.28,TRY,2025-01-22T18:13:33.857,Paket SipariÅŸi,KapandÄ±,BBQ Burger MenÃ¼,2.0,349.9,699.8,,"Cajun BaharatÄ± Ä°stiyorum, Normal PiÅŸim"
258481067,,can,3058.6,30.28,TRY,2025-01-22T18:13:33.857,Paket SipariÅŸi,KapandÄ±,Mushroom Burger MenÃ¼,1.0,404.9,404.9,,Cajun BaharatÄ± Ä°stiyorum
258481067,,can,3058.6,30.28,TRY,2025-01-22T18:13:33.857,Paket SipariÅŸi,KapandÄ±,Anadolu Burger MenÃ¼,1.0,459.9,459.9,,"Eldiven Ä°stiyorum, Cajun BaharatÄ± Ä°stiyorum, Normal PiÅŸim"
258481067,,can,3058.6,30.28,TRY,2025-01-22T18:13:33.857,Paket SipariÅŸi,KapandÄ±,Anadolu Burger MenÃ¼,1.0,399.9,399.9,,"Cajun BaharatÄ± Ä°stiyorum, Normal PiÅŸim"
258481758,,can,829.4,15.49,TRY,2025-01-22T18:15:06.69,Gel-Al SatÄ±ÅŸ,KapandÄ±,COLA ÅEKERSÄ°Z,1.0,0.0,0.0,,
258481758,,can,829.4,15.49,TRY,2025-01-22T18:15:06.69,Gel-Al SatÄ±ÅŸ,KapandÄ±,COLA ÅEKERSÄ°Z,1.0,0.0,0.0,,
258481758,,can,829.4,15.49,TRY,2025-01-22T18:15:06.69,Gel-Al SatÄ±ÅŸ,KapandÄ±,Burgerator Burger MenÃ¼,1.0,349.6,349.6,,"Cajun BaharatÄ± Ä°stiyorum, Normal PiÅŸim"
258481758,,can,829.4,15.49,TRY,2025-01-22T18:15:06.69,Gel-Al SatÄ±ÅŸ,KapandÄ±,Thunder Burger MenÃ¼,1.0,389.9,389.9,,"Cajun BaharatÄ± Ä°stiyorum, Normal PiÅŸim"
258481758,,can,829.4,15.49,TRY,2025-01-22T18:15:06.69,Gel-Al SatÄ±ÅŸ,KapandÄ±,Mozarella Sticks,1.0,89.9,89.9,,
258481993,,can,1937.66,176.14,TRY,2025-01-22T18:15:41.733,Paket SipariÅŸi,KapandÄ±,COLA ÅEKERSÄ°Z,1.0,0.0,0.0,,
258481993,,can,1937.66,176.14,TRY,2025-01-22T18:15:41.733,Paket SipariÅŸi,KapandÄ±,COLA ÅEKERSÄ°Z,1.0,0.0,0.0,,
258481993,,can,1937.66,176.14,TRY,2025-01-22T18:15:41.733,Paket SipariÅŸi,KapandÄ±,Burgerator Burger (100 g) MenÃ¼,1.0,395.17,395.17,,
258481993,,can,1937.66,176.14,TRY,2025-01-22T18:15:41.733,Paket SipariÅŸi,KapandÄ±,Burgerator Burger (200 g) MenÃ¼,1.0,514.17,514.17,,
258481993,,can,1937.66,176.14,TRY,2025-01-22T18:15:41.733,Paket SipariÅŸi,KapandÄ±,Burgerator Burger (200 g) MenÃ¼,1.0,514.17,514.17,,
258481993,,can,1937.66,176.14,TRY,2025-01-22T18:15:41.733,Paket SipariÅŸi,KapandÄ±,Burgerator Burger (200 g) MenÃ¼,1.0,514.17,514.17,,
258481993,,can,1937.66,176.14,TRY,2025-01-22T18:15:41.733,Paket SipariÅŸi,KapandÄ±,Burger,1.0,0.0,0.0,Orta PiÅŸmiÅŸ,
258481993,,can,1937.66,176.14,TRY,2025-01-22T18:15:41.733,Paket SipariÅŸi,KapandÄ±,Burger,1.0,0.0,0.0,Normal PiÅŸmiÅŸ,
258481993,,can,1937.66,176.14,TRY,2025-01-22T18:15:41.733,Paket SipariÅŸi,KapandÄ±,Burger,1.0,0.0,0.0,Normal PiÅŸmiÅŸ,
258481993,,can,1937.66,176.14,TRY,2025-01-22T18:15:41.733,Paket SipariÅŸi,KapandÄ±,Burger,1.0,0.0,0.0,Normal PiÅŸmiÅŸ,
258481993,,can,1937.66,176.14,TRY,2025-01-22T18:15:41.733,Paket SipariÅŸi,KapandÄ±,"Susurluk Ayran (24,5 cl.)",1.0,0.0,0.0,,
258481993,,can,1937.66,176.14,TRY,2025-01-22T18:15:41.733,Paket SipariÅŸi,KapandÄ±,"Susurluk Ayran (24,5 cl.)",1.0,0.0,0.0,,
258482662,,can,403.66,36.7,TRY,2025-01-22T18:17:18.387,Paket SipariÅŸi,KapandÄ±,Truffles Burger (100 gr.) MenÃ¼,1.0,403.66,403.66,,
258482662,,can,403.66,36.7,TRY,2025-01-22T18:17:18.387,Paket SipariÅŸi,KapandÄ±,Burger,1.0,0.0,0.0,Normal PiÅŸmiÅŸ,
258482662,,can,403.66,36.7,TRY,2025-01-22T18:17:18.387,Paket SipariÅŸi,KapandÄ±,"Susurluk Ayran (24,5 cl.)",1.0,0.0,0.0,,
258482726,,can,806.6,73.33,TRY,2025-01-22T18:17:28.487,Paket SipariÅŸi,KapandÄ±,Coca Cola (330 ml),1.0,0.0,0.0,Ä°Ã§ecek Tercihi,
258482726,,can,806.6,73.33,TRY,2025-01-22T18:17:28.487,Paket SipariÅŸi,KapandÄ±,Coca Cola (330 ml),1.0,0.0,0.0,Ä°Ã§ecek Tercihi,
258482726,,can,806.6,73.33,TRY,2025-01-22T18:17:28.487,Paket SipariÅŸi,KapandÄ±,BallÄ± Hardal Sos,2.0,9.9,19.8,,
258482726,,can,806.6,73.33,TRY,2025-01-22T18:17:28.487,Paket SipariÅŸi,KapandÄ±,Burgerator Burger (100 g) MenÃ¼,1.0,389.9,389.9,,
258482726,,can,806.6,73.33,TRY,2025-01-22T18:17:28.487,Paket SipariÅŸi,KapandÄ±,Mushroom Burger (100 g) MenÃ¼,1.0,396.9,396.9,LÃ¼tfen ama lÃ¼tfen patatesler baharatsÄ±z mantar bol olsun,
258482931,,can,834.95,75.91,TRY,2025-01-22T18:17:54.633,Paket SipariÅŸi,KapandÄ±,Lipton Ice Tea (330 ml),1.0,0.0,0.0,Åeftali,
258482931,,can,834.95,75.91,TRY,2025-01-22T18:17:54.633,Paket SipariÅŸi,KapandÄ±,Truffles Burger (100 gr.) MenÃ¼,1.0,423.45,423.45,,
258482931,,can,834.95,75.91,TRY,2025-01-22T18:17:54.633,Paket SipariÅŸi,KapandÄ±,Burger,1.0,0.0,0.0,Normal PiÅŸmiÅŸ|Ranch Sos|Hot Chili Sos|BallÄ± Hardal Sos,
258482931,,can,834.95,75.91,TRY,2025-01-22T18:17:54.633,Paket SipariÅŸi,KapandÄ±,Hot Chili Burger (100 gr.) MenÃ¼,1.0,411.5,411.5,,
258482931,,can,834.95,75.91,TRY,2025-01-22T18:17:54.633,Paket SipariÅŸi,KapandÄ±,Lipton Ice Tea (330 ml),1.0,0.0,0.0,Åeftali,
258482931,,can,834.95,75.91,TRY,2025-01-22T18:17:54.633,Paket SipariÅŸi,KapandÄ±,Burger,1.0,0.0,0.0,Normal PiÅŸmiÅŸ|Ranch Sos,
258482941,,can,1115.22,101.38,TRY,2025-01-22T18:17:55.413,Paket SipariÅŸi,KapandÄ±,COLA ÅEKERSÄ°Z,1.0,0.0,0.0,,
258482941,,can,1115.22,101.38,TRY,2025-01-22T18:17:55.413,Paket SipariÅŸi,KapandÄ±,COLA ÅEKERSÄ°Z,1.0,0.0,0.0,,
258482941,,can,1115.22,101.38,TRY,2025-01-22T18:17:55.413,Paket SipariÅŸi,KapandÄ±,Burgerator Burger (100 g) MenÃ¼,1.0,424.37,424.37,,
258482941,,can,1115.22,101.38,TRY,2025-01-22T18:17:55.413,Paket SipariÅŸi,KapandÄ±,Burgerator Burger (100 g) MenÃ¼,1.0,418.38,418.38,,
258482941,,can,1115.22,101.38,TRY,2025-01-22T18:17:55.413,Paket SipariÅŸi,KapandÄ±,SoÄŸan HalkasÄ±,1.0,94.05,94.05,,
258482941,,can,1115.22,101.38,TRY,2025-01-22T18:17:55.413,Paket SipariÅŸi,KapandÄ±,Mozarella Sticks,1.0,128.28,128.28,,
258482941,,can,1115.22,101.38,TRY,2025-01-22T18:17:55.413,Paket SipariÅŸi,KapandÄ±,Garlic Sos,1.0,11.04,11.04,,
258482941,,can,1115.22,101.38,TRY,2025-01-22T18:17:55.413,Paket SipariÅŸi,KapandÄ±,Ranch Sos,2.0,11.04,22.08,,
258482941,,can,1115.22,101.38,TRY,2025-01-22T18:17:55.413,Paket SipariÅŸi,KapandÄ±,Burger,1.0,0.0,0.0,Normal PiÅŸmiÅŸ|Ranch Sos|BarbekÃ¼ Sos|Mayonez|KetÃ§ap|TrÃ¼ff Mantar Sos,
258482941,,can,1115.22,101.38,TRY,2025-01-22T18:17:55.413,Paket SipariÅŸi,KapandÄ±,Burger,1.0,0.0,0.0,Normal PiÅŸmiÅŸ|Ranch Sos|Mayonez|KetÃ§ap|TrÃ¼ff Mantar Sos,
258482941,,can,1115.22,101.38,TRY,2025-01-22T18:17:55.413,Paket SipariÅŸi,KapandÄ±,TrÃ¼ff Mantar Sos,1.0,17.03,17.03,,
258484530,,can,403.66,36.7,TRY,2025-01-22T18:21:42.997,Paket SipariÅŸi,KapandÄ±,Coca Cola (330 ml),1.0,0.0,0.0,,
258484530,,can,403.66,36.7,TRY,2025-01-22T18:21:42.997,Paket SipariÅŸi,KapandÄ±,KÃ¶z PatlÄ±canlÄ± Burger (100 g) MenÃ¼,1.0,403.66,403.66,,
258484530,,can,403.66,36.7,TRY,2025-01-22T18:21:42.997,Paket SipariÅŸi,KapandÄ±,Burger,1.0,0.0,0.0,Orta PiÅŸmiÅŸ,
258485877,,can,447.9,40.72,TRY,2025-01-22T18:24:53.89,Paket SipariÅŸi,KapandÄ±,Coca Cola (330 ml),1.0,0.0,0.0,Ä°Ã§ecek Tercihi,
258485877,,can,447.9,40.72,TRY,2025-01-22T18:24:53.89,Paket SipariÅŸi,KapandÄ±,Burgerator Burger (140 g) MenÃ¼,1.0,447.9,447.9,,
258486527,,can,1232.7,112.07,TRY,2025-01-22T18:26:24.14,Paket SipariÅŸi,KapandÄ±,Burgerator Burger (100 g) MenÃ¼,1.0,389.9,389.9,,
258486527,,can,1232.7,112.07,TRY,2025-01-22T18:26:24.14,Paket SipariÅŸi,KapandÄ±,Burgerator Burger (100 g) MenÃ¼,1.0,389.9,389.9,,
258486527,,can,1232.7,112.07,TRY,2025-01-22T18:26:24.14,Paket SipariÅŸi,KapandÄ±,Anadolu Burger (100 g) MenÃ¼,1.0,452.9,452.9,,
258486527,,can,1232.7,112.07,TRY,2025-01-22T18:26:24.14,Paket SipariÅŸi,KapandÄ±,Susurluk AyranÄ± (Cam ÅiÅŸe) (245 ml),1.0,0.0,0.0,Ä°Ã§ecek Tercihi,
258486527,,can,1232.7,112.07,TRY,2025-01-22T18:26:24.14,Paket SipariÅŸi,KapandÄ±,Susurluk AyranÄ± (Cam ÅiÅŸe) (245 ml),1.0,0.0,0.0,Ä°Ã§ecek Tercihi,
258486527,,can,1232.7,112.07,TRY,2025-01-22T18:26:24.14,Paket SipariÅŸi,KapandÄ±,Susurluk AyranÄ± (Cam ÅiÅŸe) (245 ml),1.0,0.0,0.0,Ä°Ã§ecek Tercihi,
258486527,,can,1232.7,112.07,TRY,2025-01-22T18:26:24.14,Paket SipariÅŸi,KapandÄ±,Karamelize SoÄŸan,1.0,0.0,0.0,Ã‡Ä±karÄ±lacak Malzeme Tercihi,
258486527,,can,1232.7,112.07,TRY,2025-01-22T18:26:24.14,Paket SipariÅŸi,KapandÄ±,Cheddar Peynir,1.0,0.0,0.0,Ã‡Ä±karÄ±lacak Malzeme Tercihi,
258486527,,can,1232.7,112.07,TRY,2025-01-22T18:26:24.14,Paket SipariÅŸi,KapandÄ±,FÃ¼me Et,1.0,0.0,0.0,Ã‡Ä±karÄ±lacak Malzeme Tercihi,
258486527,,can,1232.7,112.07,TRY,2025-01-22T18:26:24.14,Paket SipariÅŸi,KapandÄ±,B Ã–zel Sos,1.0,0.0,0.0,Ã‡Ä±karÄ±lacak Malzeme Tercihi,
258486681,,can,858.23,71.84,TRY,2025-01-22T18:26:45.27,Paket SipariÅŸi,KapandÄ±,Coca Cola (330 ml),1.0,0.0,0.0,,
258486681,,can,858.23,71.84,TRY,2025-01-22T18:26:45.27,Paket SipariÅŸi,KapandÄ±,Coca Cola (330 ml),1.0,0.0,0.0,,
258486681,,can,858.23,71.84,TRY,2025-01-22T18:26:45.27,Paket SipariÅŸi,KapandÄ±,Coca Cola (330 ml),1.0,67.91,67.91,,
258486681,,can,858.23,71.84,TRY,2025-01-22T18:26:45.27,Paket SipariÅŸi,KapandÄ±,Burgerator Burger (100 g) MenÃ¼,1.0,395.16,395.16,,
258486681,,can,858.23,71.84,TRY,2025-01-22T18:26:45.27,Paket SipariÅŸi,KapandÄ±,BBQ Burger (100 g) MenÃ¼,1.0,395.16,395.16,,
258486681,,can,858.23,71.84,TRY,2025-01-22T18:26:45.27,Paket SipariÅŸi,KapandÄ±,Burger,1.0,0.0,0.0,Normal PiÅŸmiÅŸ,
258486681,,can,858.23,71.84,TRY,2025-01-22T18:26:45.27,Paket SipariÅŸi,KapandÄ±,Burger,1.0,0.0,0.0,Normal PiÅŸmiÅŸ,
258487241,,can,389.9,35.45,TRY,2025-01-22T18:28:02.58,Paket SipariÅŸi,KapandÄ±,Burgerator Burger (100 g) MenÃ¼,1.0,389.9,389.9,"KÃ¶ftesi iyi piÅŸsin teÅŸekkÃ¼rler 
",
258487241,,can,389.9,35.45,TRY,2025-01-22T18:28:02.58,Paket SipariÅŸi,KapandÄ±,Lipton Ice Tea (330 ml),1.0,0.0,0.0,Ä°Ã§ecek Tercihi,
258487241,,can,389.9,35.45,TRY,2025-01-22T18:28:02.58,Paket SipariÅŸi,KapandÄ±,Lipton Ice Tea Åeftali (330 ml),1.0,0.0,0.0,Lipton Ice Tea Tercihi,
258487844,Masa 3,can,708.0,64.37,TRY,2025-01-22T18:29:24.627,Masa SipariÅŸi,KapandÄ±,Burgerator Burger MenÃ¼ (100 gr.),1.0,349.0,349.0, | Ã–zellikler Susurluk AyranÄ±,
258487844,Masa 3,can,708.0,64.37,TRY,2025-01-22T18:29:24.627,Masa SipariÅŸi,KapandÄ±,KÃ¶z PatlÄ±canlÄ± Burger MenÃ¼ (100 gr.),1.0,359.0,359.0,Patates baharatsÄ±z olacak | Ã–zellikler Susurluk AyranÄ±,
258488355,,can,714.5,7.07,TRY,2025-01-22T18:30:35.797,Paket SipariÅŸi,KapandÄ±,Coca Cola (330 ml),1.0,0.0,0.0,,
258488355,,can,714.5,7.07,TRY,2025-01-22T18:30:35.797,Paket SipariÅŸi,KapandÄ±,Coca Cola (330 ml),1.0,0.0,0.0,,
258488355,,can,714.5,7.07,TRY,2025-01-22T18:30:35.797,Paket SipariÅŸi,KapandÄ±,Burgerator Burger MenÃ¼,1.0,394.9,379.9,,"Eldiven Ä°stiyorum, Cajun BaharatÄ± Ä°stiyorum, ET EKMEK Ã‡OCUK MENÃœ"
258488355,,can,714.5,7.07,TRY,2025-01-22T18:30:35.797,Paket SipariÅŸi,KapandÄ±,Burgerator Burger MenÃ¼,1.0,349.6,334.6,,"Cajun BaharatÄ± Ä°stiyorum, Normal PiÅŸim, ET EKMEK Ã‡OCUK MENÃœ"
258488712,,can,446.41,40.58,TRY,2025-01-22T18:31:24.273,Paket SipariÅŸi,KapandÄ±,Burgerator Burger (100 g) MenÃ¼,1.0,446.41,446.41,,
258488712,,can,446.41,40.58,TRY,2025-01-22T18:31:24.273,Paket SipariÅŸi,KapandÄ±,Sos Ä°stemiyorum,1.0,0.0,0.0,,
258488712,,can,446.41,40.58,TRY,2025-01-22T18:31:24.273,Paket SipariÅŸi,KapandÄ±,Ayran (25 cl.),1.0,0.0,0.0,,
258488712,,can,446.41,40.58,TRY,2025-01-22T18:31:24.273,Paket SipariÅŸi,KapandÄ±,Orta PiÅŸmiÅŸ,1.0,0.0,0.0,,
258489387,,can,389.9,35.45,TRY,2025-01-22T18:32:53.677,Paket SipariÅŸi,KapandÄ±,Burgerator Burger (100 g) MenÃ¼,1.0,389.9,389.9,,
258489387,,can,389.9,35.45,TRY,2025-01-22T18:32:53.677,Paket SipariÅŸi,KapandÄ±,Susurluk AyranÄ± (Cam ÅiÅŸe) (245 ml),1.0,0.0,0.0,Ä°Ã§ecek Tercihi,
258489387,,can,389.9,35.45,TRY,2025-01-22T18:32:53.677,Paket SipariÅŸi,KapandÄ±,Karamelize SoÄŸan,1.0,0.0,0.0,Ã‡Ä±karÄ±lacak Malzeme Tercihi,
258489895,,can,790.33,71.84,TRY,2025-01-22T18:34:07.813,Paket SipariÅŸi,KapandÄ±,Burgerator Burger (100 g) MenÃ¼,1.0,395.17,395.17,,
258489895,,can,790.33,71.84,TRY,2025-01-22T18:34:07.813,Paket SipariÅŸi,KapandÄ±,Burgerator Burger (100 g) MenÃ¼,1.0,395.17,395.17,,
258489895,,can,790.33,71.84,TRY,2025-01-22T18:34:07.813,Paket SipariÅŸi,KapandÄ±,Lipton Ice Tea (330 ml),1.0,0.0,0.0,Åeftali,
258489895,,can,790.33,71.84,TRY,2025-01-22T18:34:07.813,Paket SipariÅŸi,KapandÄ±,Burger,1.0,0.0,0.0,Normal PiÅŸmiÅŸ,
258489895,,can,790.33,71.84,TRY,2025-01-22T18:34:07.813,Paket SipariÅŸi,KapandÄ±,Burger,1.0,0.0,0.0,Normal PiÅŸmiÅŸ,
258489895,,can,790.33,71.84,TRY,2025-01-22T18:34:07.813,Paket SipariÅŸi,KapandÄ±,"Susurluk Ayran (24,5 cl.)",1.0,0.0,0.0,,
