restaurant,product,desc,price,url
DessertHouse 1,Dessert Special 1,Dessert Special 1 description,96₺,/kadıköy/desserthouse-1
DessertHouse 1,Dessert Special 2,Dessert Special 2 description,92₺,/kadıköy/desserthouse-1
DessertHouse 1,Dessert Special 3,Dessert Special 3 description,46₺,/kadıköy/desserthouse-1
DessertHouse 1,Dessert Special 4,Dessert Special 4 description,48₺,/kadıköy/desserthouse-1
DessertHouse 1,Dessert Special 5,Dessert Special 5 description,36₺,/kadıköy/desserthouse-1
PizzaHouse 2,Pizza Special 1,Pizza Special 1 description,36₺,/şişli/pizzahouse-2
PizzaHouse 2,Pizza Special 2,Pizza Special 2 description,67₺,/şişli/pizzahouse-2
PizzaHouse 2,Pizza Special 3,Pizza Special 3 description,75₺,/şişli/pizzahouse-2
PizzaHouse 2,Pizza Special 4,Pizza Special 4 description,97₺,/şişli/pizzahouse-2
DessertHouse 3,Dessert Special 1,Dessert Special 1 description,79₺,/şişli/desserthouse-3
DessertHouse 3,Dessert Special 2,Dessert Special 2 description,44₺,/şişli/desserthouse-3
DessertHouse 3,Dessert Special 3,Dessert Special 3 description,83₺,/şişli/desserthouse-3
BurgerHouse 4,Burger Special 1,Burger Special 1 description,90₺,/kadıköy/burgerhouse-4
BurgerHouse 4,Burger Special 2,Burger Special 2 description,85₺,/kadıköy/burgerhouse-4
BurgerHouse 4,Burger Special 3,Burger Special 3 description,43₺,/kadıköy/burgerhouse-4
BurgerHouse 4,Burger Special 4,Burger Special 4 description,40₺,/kadıköy/burgerhouse-4
BurgerHouse 5,Burger Special 1,Burger Special 1 description,37₺,/beşiktaş/burgerhouse-5
BurgerHouse 5,Burger Special 2,Burger Special 2 description,82₺,/beşiktaş/burgerhouse-5
BurgerHouse 5,Burger Special 3,Burger Special 3 description,57₺,/beşiktaş/burgerhouse-5
BurgerHouse 5,Burger Special 4,Burger Special 4 description,85₺,/beşiktaş/burgerhouse-5
KebapHouse 6,Kebap Special 1,Kebap Special 1 description,71₺,/şişli/kebaphouse-6
KebapHouse 6,Kebap Special 2,Kebap Special 2 description,70₺,/şişli/kebaphouse-6
KebapHouse 6,Kebap Special 3,Kebap Special 3 description,39₺,/şişli/kebaphouse-6
KebapHouse 6,Kebap Special 4,Kebap Special 4 description,68₺,/şişli/kebaphouse-6
KebapHouse 6,Kebap Special 5,Kebap Special 5 description,77₺,/şişli/kebaphouse-6
KebapHouse 6,Kebap Special 6,Kebap Special 6 description,40₺,/şişli/kebaphouse-6
PizzaHouse 7,Pizza Special 1,Pizza Special 1 description,81₺,/şişli/pizzahouse-7
PizzaHouse 7,Pizza Special 2,Pizza Special 2 description,72₺,/şişli/pizzahouse-7
PizzaHouse 7,Pizza Special 3,Pizza Special 3 description,77₺,/şişli/pizzahouse-7
PizzaHouse 8,Pizza Special 1,Pizza Special 1 description,79₺,/şişli/pizzahouse-8
PizzaHouse 8,Pizza Special 2,Pizza Special 2 description,60₺,/şişli/pizzahouse-8
PizzaHouse 8,Pizza Special 3,Pizza Special 3 description,55₺,/şişli/pizzahouse-8
PizzaHouse 8,Pizza Special 4,Pizza Special 4 description,90₺,/şişli/pizzahouse-8
PizzaHouse 8,Pizza Special 5,Pizza Special 5 description,100₺,/şişli/pizzahouse-8
PizzaHouse 8,Pizza Special 6,Pizza Special 6 description,37₺,/şişli/pizzahouse-8
VeganHouse 9,Vegan Special 1,Vegan Special 1 description,75₺,/kadıköy/veganhouse-9
VeganHouse 9,Vegan Special 2,Vegan Special 2 description,71₺,/kadıköy/veganhouse-9
VeganHouse 9,Vegan Special 3,Vegan Special 3 description,80₺,/kadıköy/veganhouse-9
DessertHouse 10,Dessert Special 1,Dessert Special 1 description,97₺,/şişli/desserthouse-10
DessertHouse 10,Dessert Special 2,Dessert Special 2 description,81₺,/şişli/desserthouse-10
DessertHouse 10,Dessert Special 3,Dessert Special 3 description,85₺,/şişli/desserthouse-10
DessertHouse 11,Dessert Special 1,Dessert Special 1 description,40₺,/şişli/desserthouse-11
DessertHouse 11,Dessert Special 2,Dessert Special 2 description,67₺,/şişli/desserthouse-11
DessertHouse 11,Dessert Special 3,Dessert Special 3 description,61₺,/şişli/desserthouse-11
DessertHouse 11,Dessert Special 4,Dessert Special 4 description,100₺,/şişli/desserthouse-11
PizzaHouse 12,Pizza Special 1,Pizza Special 1 description,63₺,/şişli/pizzahouse-12
PizzaHouse 12,Pizza Special 2,Pizza Special 2 description,37₺,/şişli/pizzahouse-12
PizzaHouse 12,Pizza Special 3,Pizza Special 3 description,77₺,/şişli/pizzahouse-12
PizzaHouse 12,Pizza Special 4,Pizza Special 4 description,83₺,/şişli/pizzahouse-12
PizzaHouse 12,Pizza Special 5,Pizza Special 5 description,86₺,/şişli/pizzahouse-12
PizzaHouse 12,Pizza Special 6,Pizza Special 6 description,54₺,/şişli/pizzahouse-12
PizzaHouse 13,Pizza Special 1,Pizza Special 1 description,64₺,/şişli/pizzahouse-13
PizzaHouse 13,Pizza Special 2,Pizza Special 2 description,51₺,/şişli/pizzahouse-13
PizzaHouse 13,Pizza Special 3,Pizza Special 3 description,74₺,/şişli/pizzahouse-13
VeganHouse 14,Vegan Special 1,Vegan Special 1 description,86₺,/kadıköy/veganhouse-14
VeganHouse 14,Vegan Special 2,Vegan Special 2 description,75₺,/kadıköy/veganhouse-14
VeganHouse 14,Vegan Special 3,Vegan Special 3 description,94₺,/kadıköy/veganhouse-14
VeganHouse 14,Vegan Special 4,Vegan Special 4 description,51₺,/kadıköy/veganhouse-14
VeganHouse 14,Vegan Special 5,Vegan Special 5 description,98₺,/kadıköy/veganhouse-14
DessertHouse 15,Dessert Special 1,Dessert Special 1 description,94₺,/kadıköy/desserthouse-15
DessertHouse 15,Dessert Special 2,Dessert Special 2 description,65₺,/kadıköy/desserthouse-15
DessertHouse 15,Dessert Special 3,Dessert Special 3 description,94₺,/kadıköy/desserthouse-15
DessertHouse 16,Dessert Special 1,Dessert Special 1 description,46₺,/kadıköy/desserthouse-16
DessertHouse 16,Dessert Special 2,Dessert Special 2 description,74₺,/kadıköy/desserthouse-16
DessertHouse 16,Dessert Special 3,Dessert Special 3 description,90₺,/kadıköy/desserthouse-16
DessertHouse 16,Dessert Special 4,Dessert Special 4 description,43₺,/kadıköy/desserthouse-16
PizzaHouse 17,Pizza Special 1,Pizza Special 1 description,90₺,/beşiktaş/pizzahouse-17
PizzaHouse 17,Pizza Special 2,Pizza Special 2 description,55₺,/beşiktaş/pizzahouse-17
PizzaHouse 17,Pizza Special 3,Pizza Special 3 description,68₺,/beşiktaş/pizzahouse-17
PizzaHouse 17,Pizza Special 4,Pizza Special 4 description,47₺,/beşiktaş/pizzahouse-17
PizzaHouse 18,Pizza Special 1,Pizza Special 1 description,59₺,/şişli/pizzahouse-18
PizzaHouse 18,Pizza Special 2,Pizza Special 2 description,75₺,/şişli/pizzahouse-18
PizzaHouse 18,Pizza Special 3,Pizza Special 3 description,55₺,/şişli/pizzahouse-18
BurgerHouse 19,Burger Special 1,Burger Special 1 description,36₺,/kadıköy/burgerhouse-19
BurgerHouse 19,Burger Special 2,Burger Special 2 description,71₺,/kadıköy/burgerhouse-19
BurgerHouse 19,Burger Special 3,Burger Special 3 description,98₺,/kadıköy/burgerhouse-19
BurgerHouse 19,Burger Special 4,Burger Special 4 description,46₺,/kadıköy/burgerhouse-19
VeganHouse 20,Vegan Special 1,Vegan Special 1 description,97₺,/kadıköy/veganhouse-20
VeganHouse 20,Vegan Special 2,Vegan Special 2 description,93₺,/kadıköy/veganhouse-20
VeganHouse 20,Vegan Special 3,Vegan Special 3 description,85₺,/kadıköy/veganhouse-20
VeganHouse 20,Vegan Special 4,Vegan Special 4 description,47₺,/kadıköy/veganhouse-20
BurgerHouse 21,Burger Special 1,Burger Special 1 description,82₺,/beşiktaş/burgerhouse-21
BurgerHouse 21,Burger Special 2,Burger Special 2 description,70₺,/beşiktaş/burgerhouse-21
BurgerHouse 21,Burger Special 3,Burger Special 3 description,98₺,/beşiktaş/burgerhouse-21
BurgerHouse 21,Burger Special 4,Burger Special 4 description,93₺,/beşiktaş/burgerhouse-21
BurgerHouse 21,Burger Special 5,Burger Special 5 description,64₺,/beşiktaş/burgerhouse-21
PizzaHouse 22,Pizza Special 1,Pizza Special 1 description,98₺,/beşiktaş/pizzahouse-22
PizzaHouse 22,Pizza Special 2,Pizza Special 2 description,94₺,/beşiktaş/pizzahouse-22
PizzaHouse 22,Pizza Special 3,Pizza Special 3 description,36₺,/beşiktaş/pizzahouse-22
PizzaHouse 22,Pizza Special 4,Pizza Special 4 description,41₺,/beşiktaş/pizzahouse-22
PizzaHouse 22,Pizza Special 5,Pizza Special 5 description,60₺,/beşiktaş/pizzahouse-22
DessertHouse 23,Dessert Special 1,Dessert Special 1 description,96₺,/kadıköy/desserthouse-23
DessertHouse 23,Dessert Special 2,Dessert Special 2 description,79₺,/kadıköy/desserthouse-23
DessertHouse 23,Dessert Special 3,Dessert Special 3 description,73₺,/kadıköy/desserthouse-23
DessertHouse 23,Dessert Special 4,Dessert Special 4 description,41₺,/kadıköy/desserthouse-23
DessertHouse 23,Dessert Special 5,Dessert Special 5 description,92₺,/kadıköy/desserthouse-23
DessertHouse 23,Dessert Special 6,Dessert Special 6 description,87₺,/kadıköy/desserthouse-23
DessertHouse 24,Dessert Special 1,Dessert Special 1 description,77₺,/beşiktaş/desserthouse-24
DessertHouse 24,Dessert Special 2,Dessert Special 2 description,53₺,/beşiktaş/desserthouse-24
DessertHouse 24,Dessert Special 3,Dessert Special 3 description,53₺,/beşiktaş/desserthouse-24
DessertHouse 24,Dessert Special 4,Dessert Special 4 description,46₺,/beşiktaş/desserthouse-24
DessertHouse 24,Dessert Special 5,Dessert Special 5 description,83₺,/beşiktaş/desserthouse-24
DessertHouse 24,Dessert Special 6,Dessert Special 6 description,57₺,/beşiktaş/desserthouse-24
PizzaHouse 25,Pizza Special 1,Pizza Special 1 description,63₺,/şişli/pizzahouse-25
PizzaHouse 25,Pizza Special 2,Pizza Special 2 description,100₺,/şişli/pizzahouse-25
PizzaHouse 25,Pizza Special 3,Pizza Special 3 description,59₺,/şişli/pizzahouse-25
PizzaHouse 25,Pizza Special 4,Pizza Special 4 description,77₺,/şişli/pizzahouse-25
PizzaHouse 25,Pizza Special 5,Pizza Special 5 description,91₺,/şişli/pizzahouse-25
KebapHouse 26,Kebap Special 1,Kebap Special 1 description,40₺,/şişli/kebaphouse-26
KebapHouse 26,Kebap Special 2,Kebap Special 2 description,41₺,/şişli/kebaphouse-26
KebapHouse 26,Kebap Special 3,Kebap Special 3 description,91₺,/şişli/kebaphouse-26
KebapHouse 26,Kebap Special 4,Kebap Special 4 description,72₺,/şişli/kebaphouse-26
KebapHouse 26,Kebap Special 5,Kebap Special 5 description,53₺,/şişli/kebaphouse-26
KebapHouse 26,Kebap Special 6,Kebap Special 6 description,42₺,/şişli/kebaphouse-26
PizzaHouse 27,Pizza Special 1,Pizza Special 1 description,40₺,/kadıköy/pizzahouse-27
PizzaHouse 27,Pizza Special 2,Pizza Special 2 description,54₺,/kadıköy/pizzahouse-27
PizzaHouse 27,Pizza Special 3,Pizza Special 3 description,49₺,/kadıköy/pizzahouse-27
PizzaHouse 27,Pizza Special 4,Pizza Special 4 description,51₺,/kadıköy/pizzahouse-27
PizzaHouse 27,Pizza Special 5,Pizza Special 5 description,69₺,/kadıköy/pizzahouse-27
PizzaHouse 27,Pizza Special 6,Pizza Special 6 description,87₺,/kadıköy/pizzahouse-27
DessertHouse 28,Dessert Special 1,Dessert Special 1 description,50₺,/beşiktaş/desserthouse-28
DessertHouse 28,Dessert Special 2,Dessert Special 2 description,61₺,/beşiktaş/desserthouse-28
DessertHouse 28,Dessert Special 3,Dessert Special 3 description,48₺,/beşiktaş/desserthouse-28
DessertHouse 28,Dessert Special 4,Dessert Special 4 description,81₺,/beşiktaş/desserthouse-28
DessertHouse 28,Dessert Special 5,Dessert Special 5 description,80₺,/beşiktaş/desserthouse-28
KebapHouse 29,Kebap Special 1,Kebap Special 1 description,37₺,/kadıköy/kebaphouse-29
KebapHouse 29,Kebap Special 2,Kebap Special 2 description,69₺,/kadıköy/kebaphouse-29
KebapHouse 29,Kebap Special 3,Kebap Special 3 description,47₺,/kadıköy/kebaphouse-29
KebapHouse 29,Kebap Special 4,Kebap Special 4 description,45₺,/kadıköy/kebaphouse-29
KebapHouse 29,Kebap Special 5,Kebap Special 5 description,76₺,/kadıköy/kebaphouse-29
DessertHouse 30,Dessert Special 1,Dessert Special 1 description,37₺,/şişli/desserthouse-30
DessertHouse 30,Dessert Special 2,Dessert Special 2 description,88₺,/şişli/desserthouse-30
DessertHouse 30,Dessert Special 3,Dessert Special 3 description,86₺,/şişli/desserthouse-30
BurgerHouse 31,Burger Special 1,Burger Special 1 description,73₺,/şişli/burgerhouse-31
BurgerHouse 31,Burger Special 2,Burger Special 2 description,70₺,/şişli/burgerhouse-31
BurgerHouse 31,Burger Special 3,Burger Special 3 description,35₺,/şişli/burgerhouse-31
BurgerHouse 31,Burger Special 4,Burger Special 4 description,48₺,/şişli/burgerhouse-31
BurgerHouse 31,Burger Special 5,Burger Special 5 description,40₺,/şişli/burgerhouse-31
BurgerHouse 32,Burger Special 1,Burger Special 1 description,48₺,/kadıköy/burgerhouse-32
BurgerHouse 32,Burger Special 2,Burger Special 2 description,84₺,/kadıköy/burgerhouse-32
BurgerHouse 32,Burger Special 3,Burger Special 3 description,99₺,/kadıköy/burgerhouse-32
BurgerHouse 32,Burger Special 4,Burger Special 4 description,99₺,/kadıköy/burgerhouse-32
VeganHouse 33,Vegan Special 1,Vegan Special 1 description,61₺,/şişli/veganhouse-33
VeganHouse 33,Vegan Special 2,Vegan Special 2 description,73₺,/şişli/veganhouse-33
VeganHouse 33,Vegan Special 3,Vegan Special 3 description,67₺,/şişli/veganhouse-33
KebapHouse 34,Kebap Special 1,Kebap Special 1 description,96₺,/şişli/kebaphouse-34
KebapHouse 34,Kebap Special 2,Kebap Special 2 description,81₺,/şişli/kebaphouse-34
KebapHouse 34,Kebap Special 3,Kebap Special 3 description,77₺,/şişli/kebaphouse-34
KebapHouse 34,Kebap Special 4,Kebap Special 4 description,56₺,/şişli/kebaphouse-34
KebapHouse 34,Kebap Special 5,Kebap Special 5 description,58₺,/şişli/kebaphouse-34
KebapHouse 34,Kebap Special 6,Kebap Special 6 description,59₺,/şişli/kebaphouse-34
DessertHouse 35,Dessert Special 1,Dessert Special 1 description,60₺,/beşiktaş/desserthouse-35
DessertHouse 35,Dessert Special 2,Dessert Special 2 description,86₺,/beşiktaş/desserthouse-35
DessertHouse 35,Dessert Special 3,Dessert Special 3 description,75₺,/beşiktaş/desserthouse-35
DessertHouse 35,Dessert Special 4,Dessert Special 4 description,36₺,/beşiktaş/desserthouse-35
DessertHouse 35,Dessert Special 5,Dessert Special 5 description,89₺,/beşiktaş/desserthouse-35
PizzaHouse 36,Pizza Special 1,Pizza Special 1 description,35₺,/kadıköy/pizzahouse-36
PizzaHouse 36,Pizza Special 2,Pizza Special 2 description,77₺,/kadıköy/pizzahouse-36
PizzaHouse 36,Pizza Special 3,Pizza Special 3 description,82₺,/kadıköy/pizzahouse-36
PizzaHouse 36,Pizza Special 4,Pizza Special 4 description,99₺,/kadıköy/pizzahouse-36
PizzaHouse 36,Pizza Special 5,Pizza Special 5 description,62₺,/kadıköy/pizzahouse-36
PizzaHouse 37,Pizza Special 1,Pizza Special 1 description,69₺,/şişli/pizzahouse-37
PizzaHouse 37,Pizza Special 2,Pizza Special 2 description,74₺,/şişli/pizzahouse-37
PizzaHouse 37,Pizza Special 3,Pizza Special 3 description,39₺,/şişli/pizzahouse-37
PizzaHouse 37,Pizza Special 4,Pizza Special 4 description,90₺,/şişli/pizzahouse-37
PizzaHouse 37,Pizza Special 5,Pizza Special 5 description,84₺,/şişli/pizzahouse-37
VeganHouse 38,Vegan Special 1,Vegan Special 1 description,60₺,/beşiktaş/veganhouse-38
VeganHouse 38,Vegan Special 2,Vegan Special 2 description,46₺,/beşiktaş/veganhouse-38
VeganHouse 38,Vegan Special 3,Vegan Special 3 description,72₺,/beşiktaş/veganhouse-38
VeganHouse 38,Vegan Special 4,Vegan Special 4 description,36₺,/beşiktaş/veganhouse-38
VeganHouse 38,Vegan Special 5,Vegan Special 5 description,94₺,/beşiktaş/veganhouse-38
VeganHouse 38,Vegan Special 6,Vegan Special 6 description,69₺,/beşiktaş/veganhouse-38
BurgerHouse 39,Burger Special 1,Burger Special 1 description,70₺,/beşiktaş/burgerhouse-39
BurgerHouse 39,Burger Special 2,Burger Special 2 description,97₺,/beşiktaş/burgerhouse-39
BurgerHouse 39,Burger Special 3,Burger Special 3 description,76₺,/beşiktaş/burgerhouse-39
BurgerHouse 39,Burger Special 4,Burger Special 4 description,95₺,/beşiktaş/burgerhouse-39
BurgerHouse 39,Burger Special 5,Burger Special 5 description,61₺,/beşiktaş/burgerhouse-39
KebapHouse 40,Kebap Special 1,Kebap Special 1 description,82₺,/beşiktaş/kebaphouse-40
KebapHouse 40,Kebap Special 2,Kebap Special 2 description,91₺,/beşiktaş/kebaphouse-40
KebapHouse 40,Kebap Special 3,Kebap Special 3 description,68₺,/beşiktaş/kebaphouse-40
KebapHouse 40,Kebap Special 4,Kebap Special 4 description,86₺,/beşiktaş/kebaphouse-40
KebapHouse 40,Kebap Special 5,Kebap Special 5 description,35₺,/beşiktaş/kebaphouse-40
PizzaHouse 41,Pizza Special 1,Pizza Special 1 description,82₺,/şişli/pizzahouse-41
PizzaHouse 41,Pizza Special 2,Pizza Special 2 description,61₺,/şişli/pizzahouse-41
PizzaHouse 41,Pizza Special 3,Pizza Special 3 description,97₺,/şişli/pizzahouse-41
PizzaHouse 41,Pizza Special 4,Pizza Special 4 description,94₺,/şişli/pizzahouse-41
PizzaHouse 41,Pizza Special 5,Pizza Special 5 description,59₺,/şişli/pizzahouse-41
PizzaHouse 41,Pizza Special 6,Pizza Special 6 description,50₺,/şişli/pizzahouse-41
KebapHouse 42,Kebap Special 1,Kebap Special 1 description,37₺,/şişli/kebaphouse-42
KebapHouse 42,Kebap Special 2,Kebap Special 2 description,74₺,/şişli/kebaphouse-42
KebapHouse 42,Kebap Special 3,Kebap Special 3 description,99₺,/şişli/kebaphouse-42
KebapHouse 42,Kebap Special 4,Kebap Special 4 description,52₺,/şişli/kebaphouse-42
KebapHouse 43,Kebap Special 1,Kebap Special 1 description,70₺,/beşiktaş/kebaphouse-43
KebapHouse 43,Kebap Special 2,Kebap Special 2 description,37₺,/beşiktaş/kebaphouse-43
KebapHouse 43,Kebap Special 3,Kebap Special 3 description,79₺,/beşiktaş/kebaphouse-43
KebapHouse 43,Kebap Special 4,Kebap Special 4 description,65₺,/beşiktaş/kebaphouse-43
KebapHouse 43,Kebap Special 5,Kebap Special 5 description,92₺,/beşiktaş/kebaphouse-43
VeganHouse 44,Vegan Special 1,Vegan Special 1 description,91₺,/şişli/veganhouse-44
VeganHouse 44,Vegan Special 2,Vegan Special 2 description,59₺,/şişli/veganhouse-44
VeganHouse 44,Vegan Special 3,Vegan Special 3 description,59₺,/şişli/veganhouse-44
VeganHouse 44,Vegan Special 4,Vegan Special 4 description,61₺,/şişli/veganhouse-44
VeganHouse 44,Vegan Special 5,Vegan Special 5 description,62₺,/şişli/veganhouse-44
VeganHouse 44,Vegan Special 6,Vegan Special 6 description,79₺,/şişli/veganhouse-44
BurgerHouse 45,Burger Special 1,Burger Special 1 description,94₺,/beşiktaş/burgerhouse-45
BurgerHouse 45,Burger Special 2,Burger Special 2 description,95₺,/beşiktaş/burgerhouse-45
BurgerHouse 45,Burger Special 3,Burger Special 3 description,74₺,/beşiktaş/burgerhouse-45
BurgerHouse 45,Burger Special 4,Burger Special 4 description,48₺,/beşiktaş/burgerhouse-45
BurgerHouse 45,Burger Special 5,Burger Special 5 description,57₺,/beşiktaş/burgerhouse-45
BurgerHouse 46,Burger Special 1,Burger Special 1 description,61₺,/şişli/burgerhouse-46
BurgerHouse 46,Burger Special 2,Burger Special 2 description,65₺,/şişli/burgerhouse-46
BurgerHouse 46,Burger Special 3,Burger Special 3 description,84₺,/şişli/burgerhouse-46
BurgerHouse 46,Burger Special 4,Burger Special 4 description,57₺,/şişli/burgerhouse-46
BurgerHouse 46,Burger Special 5,Burger Special 5 description,76₺,/şişli/burgerhouse-46
DessertHouse 47,Dessert Special 1,Dessert Special 1 description,76₺,/kadıköy/desserthouse-47
DessertHouse 47,Dessert Special 2,Dessert Special 2 description,49₺,/kadıköy/desserthouse-47
DessertHouse 47,Dessert Special 3,Dessert Special 3 description,36₺,/kadıköy/desserthouse-47
DessertHouse 47,Dessert Special 4,Dessert Special 4 description,98₺,/kadıköy/desserthouse-47
DessertHouse 47,Dessert Special 5,Dessert Special 5 description,82₺,/kadıköy/desserthouse-47
VeganHouse 48,Vegan Special 1,Vegan Special 1 description,77₺,/kadıköy/veganhouse-48
VeganHouse 48,Vegan Special 2,Vegan Special 2 description,70₺,/kadıköy/veganhouse-48
VeganHouse 48,Vegan Special 3,Vegan Special 3 description,90₺,/kadıköy/veganhouse-48
KebapHouse 49,Kebap Special 1,Kebap Special 1 description,41₺,/şişli/kebaphouse-49
KebapHouse 49,Kebap Special 2,Kebap Special 2 description,49₺,/şişli/kebaphouse-49
KebapHouse 49,Kebap Special 3,Kebap Special 3 description,64₺,/şişli/kebaphouse-49
KebapHouse 49,Kebap Special 4,Kebap Special 4 description,71₺,/şişli/kebaphouse-49
BurgerHouse 50,Burger Special 1,Burger Special 1 description,64₺,/kadıköy/burgerhouse-50
BurgerHouse 50,Burger Special 2,Burger Special 2 description,69₺,/kadıköy/burgerhouse-50
BurgerHouse 50,Burger Special 3,Burger Special 3 description,69₺,/kadıköy/burgerhouse-50
BurgerHouse 50,Burger Special 4,Burger Special 4 description,66₺,/kadıköy/burgerhouse-50
BurgerHouse 50,Burger Special 5,Burger Special 5 description,99₺,/kadıköy/burgerhouse-50
DessertHouse 51,Dessert Special 1,Dessert Special 1 description,96₺,/kadıköy/desserthouse-51
DessertHouse 51,Dessert Special 2,Dessert Special 2 description,46₺,/kadıköy/desserthouse-51
DessertHouse 51,Dessert Special 3,Dessert Special 3 description,70₺,/kadıköy/desserthouse-51
DessertHouse 51,Dessert Special 4,Dessert Special 4 description,73₺,/kadıköy/desserthouse-51
DessertHouse 51,Dessert Special 5,Dessert Special 5 description,68₺,/kadıköy/desserthouse-51
DessertHouse 51,Dessert Special 6,Dessert Special 6 description,76₺,/kadıköy/desserthouse-51
BurgerHouse 52,Burger Special 1,Burger Special 1 description,43₺,/kadıköy/burgerhouse-52
BurgerHouse 52,Burger Special 2,Burger Special 2 description,95₺,/kadıköy/burgerhouse-52
BurgerHouse 52,Burger Special 3,Burger Special 3 description,79₺,/kadıköy/burgerhouse-52
BurgerHouse 52,Burger Special 4,Burger Special 4 description,56₺,/kadıköy/burgerhouse-52
BurgerHouse 52,Burger Special 5,Burger Special 5 description,46₺,/kadıköy/burgerhouse-52
BurgerHouse 53,Burger Special 1,Burger Special 1 description,40₺,/kadıköy/burgerhouse-53
BurgerHouse 53,Burger Special 2,Burger Special 2 description,87₺,/kadıköy/burgerhouse-53
BurgerHouse 53,Burger Special 3,Burger Special 3 description,39₺,/kadıköy/burgerhouse-53
BurgerHouse 53,Burger Special 4,Burger Special 4 description,41₺,/kadıköy/burgerhouse-53
BurgerHouse 53,Burger Special 5,Burger Special 5 description,93₺,/kadıköy/burgerhouse-53
BurgerHouse 53,Burger Special 6,Burger Special 6 description,53₺,/kadıköy/burgerhouse-53
VeganHouse 54,Vegan Special 1,Vegan Special 1 description,57₺,/kadıköy/veganhouse-54
VeganHouse 54,Vegan Special 2,Vegan Special 2 description,54₺,/kadıköy/veganhouse-54
VeganHouse 54,Vegan Special 3,Vegan Special 3 description,62₺,/kadıköy/veganhouse-54
VeganHouse 54,Vegan Special 4,Vegan Special 4 description,87₺,/kadıköy/veganhouse-54
VeganHouse 54,Vegan Special 5,Vegan Special 5 description,38₺,/kadıköy/veganhouse-54
VeganHouse 54,Vegan Special 6,Vegan Special 6 description,68₺,/kadıköy/veganhouse-54
KebapHouse 55,Kebap Special 1,Kebap Special 1 description,72₺,/beşiktaş/kebaphouse-55
KebapHouse 55,Kebap Special 2,Kebap Special 2 description,83₺,/beşiktaş/kebaphouse-55
KebapHouse 55,Kebap Special 3,Kebap Special 3 description,62₺,/beşiktaş/kebaphouse-55
KebapHouse 55,Kebap Special 4,Kebap Special 4 description,77₺,/beşiktaş/kebaphouse-55
KebapHouse 55,Kebap Special 5,Kebap Special 5 description,99₺,/beşiktaş/kebaphouse-55
DessertHouse 56,Dessert Special 1,Dessert Special 1 description,37₺,/kadıköy/desserthouse-56
DessertHouse 56,Dessert Special 2,Dessert Special 2 description,60₺,/kadıköy/desserthouse-56
DessertHouse 56,Dessert Special 3,Dessert Special 3 description,51₺,/kadıköy/desserthouse-56
BurgerHouse 57,Burger Special 1,Burger Special 1 description,65₺,/şişli/burgerhouse-57
BurgerHouse 57,Burger Special 2,Burger Special 2 description,94₺,/şişli/burgerhouse-57
BurgerHouse 57,Burger Special 3,Burger Special 3 description,74₺,/şişli/burgerhouse-57
BurgerHouse 57,Burger Special 4,Burger Special 4 description,38₺,/şişli/burgerhouse-57
BurgerHouse 57,Burger Special 5,Burger Special 5 description,46₺,/şişli/burgerhouse-57
BurgerHouse 58,Burger Special 1,Burger Special 1 description,97₺,/beşiktaş/burgerhouse-58
BurgerHouse 58,Burger Special 2,Burger Special 2 description,42₺,/beşiktaş/burgerhouse-58
BurgerHouse 58,Burger Special 3,Burger Special 3 description,51₺,/beşiktaş/burgerhouse-58
DessertHouse 59,Dessert Special 1,Dessert Special 1 description,69₺,/şişli/desserthouse-59
DessertHouse 59,Dessert Special 2,Dessert Special 2 description,42₺,/şişli/desserthouse-59
DessertHouse 59,Dessert Special 3,Dessert Special 3 description,89₺,/şişli/desserthouse-59
DessertHouse 59,Dessert Special 4,Dessert Special 4 description,77₺,/şişli/desserthouse-59
DessertHouse 59,Dessert Special 5,Dessert Special 5 description,88₺,/şişli/desserthouse-59
VeganHouse 60,Vegan Special 1,Vegan Special 1 description,79₺,/şişli/veganhouse-60
VeganHouse 60,Vegan Special 2,Vegan Special 2 description,99₺,/şişli/veganhouse-60
VeganHouse 60,Vegan Special 3,Vegan Special 3 description,66₺,/şişli/veganhouse-60
VeganHouse 60,Vegan Special 4,Vegan Special 4 description,90₺,/şişli/veganhouse-60
VeganHouse 60,Vegan Special 5,Vegan Special 5 description,83₺,/şişli/veganhouse-60
VeganHouse 60,Vegan Special 6,Vegan Special 6 description,63₺,/şişli/veganhouse-60
BurgerHouse 61,Burger Special 1,Burger Special 1 description,98₺,/şişli/burgerhouse-61
BurgerHouse 61,Burger Special 2,Burger Special 2 description,89₺,/şişli/burgerhouse-61
BurgerHouse 61,Burger Special 3,Burger Special 3 description,72₺,/şişli/burgerhouse-61
BurgerHouse 61,Burger Special 4,Burger Special 4 description,85₺,/şişli/burgerhouse-61
BurgerHouse 61,Burger Special 5,Burger Special 5 description,55₺,/şişli/burgerhouse-61
KebapHouse 62,Kebap Special 1,Kebap Special 1 description,67₺,/beşiktaş/kebaphouse-62
KebapHouse 62,Kebap Special 2,Kebap Special 2 description,41₺,/beşiktaş/kebaphouse-62
KebapHouse 62,Kebap Special 3,Kebap Special 3 description,90₺,/beşiktaş/kebaphouse-62
KebapHouse 62,Kebap Special 4,Kebap Special 4 description,66₺,/beşiktaş/kebaphouse-62
KebapHouse 62,Kebap Special 5,Kebap Special 5 description,36₺,/beşiktaş/kebaphouse-62
VeganHouse 63,Vegan Special 1,Vegan Special 1 description,59₺,/beşiktaş/veganhouse-63
VeganHouse 63,Vegan Special 2,Vegan Special 2 description,40₺,/beşiktaş/veganhouse-63
VeganHouse 63,Vegan Special 3,Vegan Special 3 description,71₺,/beşiktaş/veganhouse-63
VeganHouse 63,Vegan Special 4,Vegan Special 4 description,56₺,/beşiktaş/veganhouse-63
VeganHouse 63,Vegan Special 5,Vegan Special 5 description,63₺,/beşiktaş/veganhouse-63
VeganHouse 63,Vegan Special 6,Vegan Special 6 description,38₺,/beşiktaş/veganhouse-63
VeganHouse 64,Vegan Special 1,Vegan Special 1 description,57₺,/beşiktaş/veganhouse-64
VeganHouse 64,Vegan Special 2,Vegan Special 2 description,48₺,/beşiktaş/veganhouse-64
VeganHouse 64,Vegan Special 3,Vegan Special 3 description,37₺,/beşiktaş/veganhouse-64
VeganHouse 64,Vegan Special 4,Vegan Special 4 description,99₺,/beşiktaş/veganhouse-64
VeganHouse 64,Vegan Special 5,Vegan Special 5 description,49₺,/beşiktaş/veganhouse-64
BurgerHouse 65,Burger Special 1,Burger Special 1 description,66₺,/kadıköy/burgerhouse-65
BurgerHouse 65,Burger Special 2,Burger Special 2 description,35₺,/kadıköy/burgerhouse-65
BurgerHouse 65,Burger Special 3,Burger Special 3 description,80₺,/kadıköy/burgerhouse-65
BurgerHouse 65,Burger Special 4,Burger Special 4 description,62₺,/kadıköy/burgerhouse-65
BurgerHouse 65,Burger Special 5,Burger Special 5 description,37₺,/kadıköy/burgerhouse-65
BurgerHouse 65,Burger Special 6,Burger Special 6 description,87₺,/kadıköy/burgerhouse-65
KebapHouse 66,Kebap Special 1,Kebap Special 1 description,79₺,/şişli/kebaphouse-66
KebapHouse 66,Kebap Special 2,Kebap Special 2 description,64₺,/şişli/kebaphouse-66
KebapHouse 66,Kebap Special 3,Kebap Special 3 description,82₺,/şişli/kebaphouse-66
KebapHouse 66,Kebap Special 4,Kebap Special 4 description,95₺,/şişli/kebaphouse-66
KebapHouse 66,Kebap Special 5,Kebap Special 5 description,43₺,/şişli/kebaphouse-66
VeganHouse 67,Vegan Special 1,Vegan Special 1 description,58₺,/şişli/veganhouse-67
VeganHouse 67,Vegan Special 2,Vegan Special 2 description,92₺,/şişli/veganhouse-67
VeganHouse 67,Vegan Special 3,Vegan Special 3 description,55₺,/şişli/veganhouse-67
VeganHouse 67,Vegan Special 4,Vegan Special 4 description,44₺,/şişli/veganhouse-67
VeganHouse 67,Vegan Special 5,Vegan Special 5 description,67₺,/şişli/veganhouse-67
DessertHouse 68,Dessert Special 1,Dessert Special 1 description,95₺,/beşiktaş/desserthouse-68
DessertHouse 68,Dessert Special 2,Dessert Special 2 description,97₺,/beşiktaş/desserthouse-68
DessertHouse 68,Dessert Special 3,Dessert Special 3 description,35₺,/beşiktaş/desserthouse-68
DessertHouse 68,Dessert Special 4,Dessert Special 4 description,94₺,/beşiktaş/desserthouse-68
DessertHouse 68,Dessert Special 5,Dessert Special 5 description,35₺,/beşiktaş/desserthouse-68
BurgerHouse 69,Burger Special 1,Burger Special 1 description,37₺,/kadıköy/burgerhouse-69
BurgerHouse 69,Burger Special 2,Burger Special 2 description,76₺,/kadıköy/burgerhouse-69
BurgerHouse 69,Burger Special 3,Burger Special 3 description,89₺,/kadıköy/burgerhouse-69
BurgerHouse 69,Burger Special 4,Burger Special 4 description,51₺,/kadıköy/burgerhouse-69
BurgerHouse 69,Burger Special 5,Burger Special 5 description,72₺,/kadıköy/burgerhouse-69
BurgerHouse 69,Burger Special 6,Burger Special 6 description,63₺,/kadıköy/burgerhouse-69
PizzaHouse 70,Pizza Special 1,Pizza Special 1 description,64₺,/beşiktaş/pizzahouse-70
PizzaHouse 70,Pizza Special 2,Pizza Special 2 description,77₺,/beşiktaş/pizzahouse-70
PizzaHouse 70,Pizza Special 3,Pizza Special 3 description,59₺,/beşiktaş/pizzahouse-70
PizzaHouse 71,Pizza Special 1,Pizza Special 1 description,48₺,/kadıköy/pizzahouse-71
PizzaHouse 71,Pizza Special 2,Pizza Special 2 description,44₺,/kadıköy/pizzahouse-71
PizzaHouse 71,Pizza Special 3,Pizza Special 3 description,97₺,/kadıköy/pizzahouse-71
PizzaHouse 71,Pizza Special 4,Pizza Special 4 description,66₺,/kadıköy/pizzahouse-71
PizzaHouse 71,Pizza Special 5,Pizza Special 5 description,72₺,/kadıköy/pizzahouse-71
PizzaHouse 71,Pizza Special 6,Pizza Special 6 description,81₺,/kadıköy/pizzahouse-71
BurgerHouse 72,Burger Special 1,Burger Special 1 description,72₺,/beşiktaş/burgerhouse-72
BurgerHouse 72,Burger Special 2,Burger Special 2 description,67₺,/beşiktaş/burgerhouse-72
BurgerHouse 72,Burger Special 3,Burger Special 3 description,52₺,/beşiktaş/burgerhouse-72
BurgerHouse 72,Burger Special 4,Burger Special 4 description,66₺,/beşiktaş/burgerhouse-72
BurgerHouse 73,Burger Special 1,Burger Special 1 description,52₺,/kadıköy/burgerhouse-73
BurgerHouse 73,Burger Special 2,Burger Special 2 description,71₺,/kadıköy/burgerhouse-73
BurgerHouse 73,Burger Special 3,Burger Special 3 description,67₺,/kadıköy/burgerhouse-73
BurgerHouse 73,Burger Special 4,Burger Special 4 description,52₺,/kadıköy/burgerhouse-73
BurgerHouse 73,Burger Special 5,Burger Special 5 description,59₺,/kadıköy/burgerhouse-73
KebapHouse 74,Kebap Special 1,Kebap Special 1 description,99₺,/kadıköy/kebaphouse-74
KebapHouse 74,Kebap Special 2,Kebap Special 2 description,90₺,/kadıköy/kebaphouse-74
KebapHouse 74,Kebap Special 3,Kebap Special 3 description,39₺,/kadıköy/kebaphouse-74
KebapHouse 74,Kebap Special 4,Kebap Special 4 description,69₺,/kadıköy/kebaphouse-74
PizzaHouse 75,Pizza Special 1,Pizza Special 1 description,100₺,/kadıköy/pizzahouse-75
PizzaHouse 75,Pizza Special 2,Pizza Special 2 description,48₺,/kadıköy/pizzahouse-75
PizzaHouse 75,Pizza Special 3,Pizza Special 3 description,95₺,/kadıköy/pizzahouse-75
KebapHouse 76,Kebap Special 1,Kebap Special 1 description,91₺,/beşiktaş/kebaphouse-76
KebapHouse 76,Kebap Special 2,Kebap Special 2 description,45₺,/beşiktaş/kebaphouse-76
KebapHouse 76,Kebap Special 3,Kebap Special 3 description,36₺,/beşiktaş/kebaphouse-76
KebapHouse 76,Kebap Special 4,Kebap Special 4 description,99₺,/beşiktaş/kebaphouse-76
KebapHouse 76,Kebap Special 5,Kebap Special 5 description,70₺,/beşiktaş/kebaphouse-76
KebapHouse 76,Kebap Special 6,Kebap Special 6 description,90₺,/beşiktaş/kebaphouse-76
VeganHouse 77,Vegan Special 1,Vegan Special 1 description,67₺,/kadıköy/veganhouse-77
VeganHouse 77,Vegan Special 2,Vegan Special 2 description,61₺,/kadıköy/veganhouse-77
VeganHouse 77,Vegan Special 3,Vegan Special 3 description,64₺,/kadıköy/veganhouse-77
VeganHouse 77,Vegan Special 4,Vegan Special 4 description,59₺,/kadıköy/veganhouse-77
VeganHouse 77,Vegan Special 5,Vegan Special 5 description,36₺,/kadıköy/veganhouse-77
KebapHouse 78,Kebap Special 1,Kebap Special 1 description,50₺,/beşiktaş/kebaphouse-78
KebapHouse 78,Kebap Special 2,Kebap Special 2 description,92₺,/beşiktaş/kebaphouse-78
KebapHouse 78,Kebap Special 3,Kebap Special 3 description,56₺,/beşiktaş/kebaphouse-78
KebapHouse 78,Kebap Special 4,Kebap Special 4 description,48₺,/beşiktaş/kebaphouse-78
BurgerHouse 79,Burger Special 1,Burger Special 1 description,39₺,/kadıköy/burgerhouse-79
BurgerHouse 79,Burger Special 2,Burger Special 2 description,54₺,/kadıköy/burgerhouse-79
BurgerHouse 79,Burger Special 3,Burger Special 3 description,85₺,/kadıköy/burgerhouse-79
BurgerHouse 79,Burger Special 4,Burger Special 4 description,48₺,/kadıköy/burgerhouse-79
BurgerHouse 79,Burger Special 5,Burger Special 5 description,36₺,/kadıköy/burgerhouse-79
BurgerHouse 79,Burger Special 6,Burger Special 6 description,45₺,/kadıköy/burgerhouse-79
VeganHouse 80,Vegan Special 1,Vegan Special 1 description,74₺,/şişli/veganhouse-80
VeganHouse 80,Vegan Special 2,Vegan Special 2 description,55₺,/şişli/veganhouse-80
VeganHouse 80,Vegan Special 3,Vegan Special 3 description,69₺,/şişli/veganhouse-80
VeganHouse 80,Vegan Special 4,Vegan Special 4 description,59₺,/şişli/veganhouse-80
VeganHouse 80,Vegan Special 5,Vegan Special 5 description,46₺,/şişli/veganhouse-80
VeganHouse 80,Vegan Special 6,Vegan Special 6 description,74₺,/şişli/veganhouse-80
PizzaHouse 81,Pizza Special 1,Pizza Special 1 description,96₺,/şişli/pizzahouse-81
PizzaHouse 81,Pizza Special 2,Pizza Special 2 description,41₺,/şişli/pizzahouse-81
PizzaHouse 81,Pizza Special 3,Pizza Special 3 description,69₺,/şişli/pizzahouse-81
PizzaHouse 81,Pizza Special 4,Pizza Special 4 description,53₺,/şişli/pizzahouse-81
PizzaHouse 81,Pizza Special 5,Pizza Special 5 description,74₺,/şişli/pizzahouse-81
PizzaHouse 81,Pizza Special 6,Pizza Special 6 description,66₺,/şişli/pizzahouse-81
DessertHouse 82,Dessert Special 1,Dessert Special 1 description,62₺,/kadıköy/desserthouse-82
DessertHouse 82,Dessert Special 2,Dessert Special 2 description,42₺,/kadıköy/desserthouse-82
DessertHouse 82,Dessert Special 3,Dessert Special 3 description,42₺,/kadıköy/desserthouse-82
DessertHouse 82,Dessert Special 4,Dessert Special 4 description,89₺,/kadıköy/desserthouse-82
DessertHouse 82,Dessert Special 5,Dessert Special 5 description,74₺,/kadıköy/desserthouse-82
DessertHouse 82,Dessert Special 6,Dessert Special 6 description,100₺,/kadıköy/desserthouse-82
PizzaHouse 83,Pizza Special 1,Pizza Special 1 description,49₺,/kadıköy/pizzahouse-83
PizzaHouse 83,Pizza Special 2,Pizza Special 2 description,89₺,/kadıköy/pizzahouse-83
PizzaHouse 83,Pizza Special 3,Pizza Special 3 description,98₺,/kadıköy/pizzahouse-83
BurgerHouse 84,Burger Special 1,Burger Special 1 description,51₺,/şişli/burgerhouse-84
BurgerHouse 84,Burger Special 2,Burger Special 2 description,66₺,/şişli/burgerhouse-84
BurgerHouse 84,Burger Special 3,Burger Special 3 description,93₺,/şişli/burgerhouse-84
BurgerHouse 84,Burger Special 4,Burger Special 4 description,97₺,/şişli/burgerhouse-84
BurgerHouse 84,Burger Special 5,Burger Special 5 description,43₺,/şişli/burgerhouse-84
BurgerHouse 84,Burger Special 6,Burger Special 6 description,60₺,/şişli/burgerhouse-84
BurgerHouse 85,Burger Special 1,Burger Special 1 description,42₺,/kadıköy/burgerhouse-85
BurgerHouse 85,Burger Special 2,Burger Special 2 description,96₺,/kadıköy/burgerhouse-85
BurgerHouse 85,Burger Special 3,Burger Special 3 description,93₺,/kadıköy/burgerhouse-85
BurgerHouse 85,Burger Special 4,Burger Special 4 description,37₺,/kadıköy/burgerhouse-85
BurgerHouse 86,Burger Special 1,Burger Special 1 description,39₺,/kadıköy/burgerhouse-86
BurgerHouse 86,Burger Special 2,Burger Special 2 description,41₺,/kadıköy/burgerhouse-86
BurgerHouse 86,Burger Special 3,Burger Special 3 description,65₺,/kadıköy/burgerhouse-86
BurgerHouse 87,Burger Special 1,Burger Special 1 description,95₺,/şişli/burgerhouse-87
BurgerHouse 87,Burger Special 2,Burger Special 2 description,95₺,/şişli/burgerhouse-87
BurgerHouse 87,Burger Special 3,Burger Special 3 description,84₺,/şişli/burgerhouse-87
BurgerHouse 87,Burger Special 4,Burger Special 4 description,91₺,/şişli/burgerhouse-87
BurgerHouse 87,Burger Special 5,Burger Special 5 description,38₺,/şişli/burgerhouse-87
PizzaHouse 88,Pizza Special 1,Pizza Special 1 description,49₺,/beşiktaş/pizzahouse-88
PizzaHouse 88,Pizza Special 2,Pizza Special 2 description,42₺,/beşiktaş/pizzahouse-88
PizzaHouse 88,Pizza Special 3,Pizza Special 3 description,72₺,/beşiktaş/pizzahouse-88
PizzaHouse 88,Pizza Special 4,Pizza Special 4 description,40₺,/beşiktaş/pizzahouse-88
PizzaHouse 88,Pizza Special 5,Pizza Special 5 description,79₺,/beşiktaş/pizzahouse-88
DessertHouse 89,Dessert Special 1,Dessert Special 1 description,100₺,/şişli/desserthouse-89
DessertHouse 89,Dessert Special 2,Dessert Special 2 description,89₺,/şişli/desserthouse-89
DessertHouse 89,Dessert Special 3,Dessert Special 3 description,64₺,/şişli/desserthouse-89
DessertHouse 90,Dessert Special 1,Dessert Special 1 description,66₺,/şişli/desserthouse-90
DessertHouse 90,Dessert Special 2,Dessert Special 2 description,58₺,/şişli/desserthouse-90
DessertHouse 90,Dessert Special 3,Dessert Special 3 description,70₺,/şişli/desserthouse-90
DessertHouse 90,Dessert Special 4,Dessert Special 4 description,35₺,/şişli/desserthouse-90
DessertHouse 90,Dessert Special 5,Dessert Special 5 description,87₺,/şişli/desserthouse-90
PizzaHouse 91,Pizza Special 1,Pizza Special 1 description,96₺,/beşiktaş/pizzahouse-91
PizzaHouse 91,Pizza Special 2,Pizza Special 2 description,44₺,/beşiktaş/pizzahouse-91
PizzaHouse 91,Pizza Special 3,Pizza Special 3 description,36₺,/beşiktaş/pizzahouse-91
PizzaHouse 91,Pizza Special 4,Pizza Special 4 description,47₺,/beşiktaş/pizzahouse-91
PizzaHouse 91,Pizza Special 5,Pizza Special 5 description,62₺,/beşiktaş/pizzahouse-91
PizzaHouse 91,Pizza Special 6,Pizza Special 6 description,59₺,/beşiktaş/pizzahouse-91
DessertHouse 92,Dessert Special 1,Dessert Special 1 description,56₺,/şişli/desserthouse-92
DessertHouse 92,Dessert Special 2,Dessert Special 2 description,75₺,/şişli/desserthouse-92
DessertHouse 92,Dessert Special 3,Dessert Special 3 description,35₺,/şişli/desserthouse-92
VeganHouse 93,Vegan Special 1,Vegan Special 1 description,45₺,/beşiktaş/veganhouse-93
VeganHouse 93,Vegan Special 2,Vegan Special 2 description,38₺,/beşiktaş/veganhouse-93
VeganHouse 93,Vegan Special 3,Vegan Special 3 description,57₺,/beşiktaş/veganhouse-93
VeganHouse 93,Vegan Special 4,Vegan Special 4 description,35₺,/beşiktaş/veganhouse-93
DessertHouse 94,Dessert Special 1,Dessert Special 1 description,52₺,/kadıköy/desserthouse-94
DessertHouse 94,Dessert Special 2,Dessert Special 2 description,86₺,/kadıköy/desserthouse-94
DessertHouse 94,Dessert Special 3,Dessert Special 3 description,55₺,/kadıköy/desserthouse-94
DessertHouse 94,Dessert Special 4,Dessert Special 4 description,85₺,/kadıköy/desserthouse-94
KebapHouse 95,Kebap Special 1,Kebap Special 1 description,83₺,/şişli/kebaphouse-95
KebapHouse 95,Kebap Special 2,Kebap Special 2 description,37₺,/şişli/kebaphouse-95
KebapHouse 95,Kebap Special 3,Kebap Special 3 description,73₺,/şişli/kebaphouse-95
KebapHouse 95,Kebap Special 4,Kebap Special 4 description,89₺,/şişli/kebaphouse-95
KebapHouse 95,Kebap Special 5,Kebap Special 5 description,96₺,/şişli/kebaphouse-95
VeganHouse 96,Vegan Special 1,Vegan Special 1 description,99₺,/beşiktaş/veganhouse-96
VeganHouse 96,Vegan Special 2,Vegan Special 2 description,90₺,/beşiktaş/veganhouse-96
VeganHouse 96,Vegan Special 3,Vegan Special 3 description,80₺,/beşiktaş/veganhouse-96
VeganHouse 96,Vegan Special 4,Vegan Special 4 description,95₺,/beşiktaş/veganhouse-96
VeganHouse 96,Vegan Special 5,Vegan Special 5 description,43₺,/beşiktaş/veganhouse-96
VeganHouse 96,Vegan Special 6,Vegan Special 6 description,96₺,/beşiktaş/veganhouse-96
KebapHouse 97,Kebap Special 1,Kebap Special 1 description,89₺,/beşiktaş/kebaphouse-97
KebapHouse 97,Kebap Special 2,Kebap Special 2 description,66₺,/beşiktaş/kebaphouse-97
KebapHouse 97,Kebap Special 3,Kebap Special 3 description,52₺,/beşiktaş/kebaphouse-97
KebapHouse 97,Kebap Special 4,Kebap Special 4 description,100₺,/beşiktaş/kebaphouse-97
KebapHouse 97,Kebap Special 5,Kebap Special 5 description,73₺,/beşiktaş/kebaphouse-97
DessertHouse 98,Dessert Special 1,Dessert Special 1 description,59₺,/kadıköy/desserthouse-98
DessertHouse 98,Dessert Special 2,Dessert Special 2 description,95₺,/kadıköy/desserthouse-98
DessertHouse 98,Dessert Special 3,Dessert Special 3 description,40₺,/kadıköy/desserthouse-98
DessertHouse 98,Dessert Special 4,Dessert Special 4 description,44₺,/kadıköy/desserthouse-98
KebapHouse 99,Kebap Special 1,Kebap Special 1 description,89₺,/kadıköy/kebaphouse-99
KebapHouse 99,Kebap Special 2,Kebap Special 2 description,90₺,/kadıköy/kebaphouse-99
KebapHouse 99,Kebap Special 3,Kebap Special 3 description,95₺,/kadıköy/kebaphouse-99
KebapHouse 99,Kebap Special 4,Kebap Special 4 description,61₺,/kadıköy/kebaphouse-99
KebapHouse 99,Kebap Special 5,Kebap Special 5 description,55₺,/kadıköy/kebaphouse-99
KebapHouse 99,Kebap Special 6,Kebap Special 6 description,71₺,/kadıköy/kebaphouse-99
PizzaHouse 100,Pizza Special 1,Pizza Special 1 description,36₺,/beşiktaş/pizzahouse-100
PizzaHouse 100,Pizza Special 2,Pizza Special 2 description,54₺,/beşiktaş/pizzahouse-100
PizzaHouse 100,Pizza Special 3,Pizza Special 3 description,62₺,/beşiktaş/pizzahouse-100
PizzaHouse 100,Pizza Special 4,Pizza Special 4 description,86₺,/beşiktaş/pizzahouse-100
DessertHouse 101,Dessert Special 1,Dessert Special 1 description,79₺,/beşiktaş/desserthouse-101
DessertHouse 101,Dessert Special 2,Dessert Special 2 description,42₺,/beşiktaş/desserthouse-101
DessertHouse 101,Dessert Special 3,Dessert Special 3 description,78₺,/beşiktaş/desserthouse-101
KebapHouse 102,Kebap Special 1,Kebap Special 1 description,86₺,/kadıköy/kebaphouse-102
KebapHouse 102,Kebap Special 2,Kebap Special 2 description,86₺,/kadıköy/kebaphouse-102
KebapHouse 102,Kebap Special 3,Kebap Special 3 description,66₺,/kadıköy/kebaphouse-102
VeganHouse 103,Vegan Special 1,Vegan Special 1 description,48₺,/kadıköy/veganhouse-103
VeganHouse 103,Vegan Special 2,Vegan Special 2 description,70₺,/kadıköy/veganhouse-103
VeganHouse 103,Vegan Special 3,Vegan Special 3 description,60₺,/kadıköy/veganhouse-103
DessertHouse 104,Dessert Special 1,Dessert Special 1 description,71₺,/beşiktaş/desserthouse-104
DessertHouse 104,Dessert Special 2,Dessert Special 2 description,100₺,/beşiktaş/desserthouse-104
DessertHouse 104,Dessert Special 3,Dessert Special 3 description,90₺,/beşiktaş/desserthouse-104
DessertHouse 104,Dessert Special 4,Dessert Special 4 description,97₺,/beşiktaş/desserthouse-104
DessertHouse 104,Dessert Special 5,Dessert Special 5 description,68₺,/beşiktaş/desserthouse-104
BurgerHouse 105,Burger Special 1,Burger Special 1 description,51₺,/şişli/burgerhouse-105
BurgerHouse 105,Burger Special 2,Burger Special 2 description,61₺,/şişli/burgerhouse-105
BurgerHouse 105,Burger Special 3,Burger Special 3 description,94₺,/şişli/burgerhouse-105
BurgerHouse 105,Burger Special 4,Burger Special 4 description,85₺,/şişli/burgerhouse-105
BurgerHouse 105,Burger Special 5,Burger Special 5 description,40₺,/şişli/burgerhouse-105
DessertHouse 106,Dessert Special 1,Dessert Special 1 description,72₺,/şişli/desserthouse-106
DessertHouse 106,Dessert Special 2,Dessert Special 2 description,71₺,/şişli/desserthouse-106
DessertHouse 106,Dessert Special 3,Dessert Special 3 description,59₺,/şişli/desserthouse-106
DessertHouse 106,Dessert Special 4,Dessert Special 4 description,36₺,/şişli/desserthouse-106
DessertHouse 106,Dessert Special 5,Dessert Special 5 description,82₺,/şişli/desserthouse-106
DessertHouse 106,Dessert Special 6,Dessert Special 6 description,87₺,/şişli/desserthouse-106
BurgerHouse 107,Burger Special 1,Burger Special 1 description,43₺,/kadıköy/burgerhouse-107
BurgerHouse 107,Burger Special 2,Burger Special 2 description,78₺,/kadıköy/burgerhouse-107
BurgerHouse 107,Burger Special 3,Burger Special 3 description,69₺,/kadıköy/burgerhouse-107
BurgerHouse 107,Burger Special 4,Burger Special 4 description,48₺,/kadıköy/burgerhouse-107
DessertHouse 108,Dessert Special 1,Dessert Special 1 description,40₺,/şişli/desserthouse-108
DessertHouse 108,Dessert Special 2,Dessert Special 2 description,48₺,/şişli/desserthouse-108
DessertHouse 108,Dessert Special 3,Dessert Special 3 description,91₺,/şişli/desserthouse-108
BurgerHouse 109,Burger Special 1,Burger Special 1 description,93₺,/kadıköy/burgerhouse-109
BurgerHouse 109,Burger Special 2,Burger Special 2 description,66₺,/kadıköy/burgerhouse-109
BurgerHouse 109,Burger Special 3,Burger Special 3 description,42₺,/kadıköy/burgerhouse-109
BurgerHouse 109,Burger Special 4,Burger Special 4 description,35₺,/kadıköy/burgerhouse-109
BurgerHouse 109,Burger Special 5,Burger Special 5 description,45₺,/kadıköy/burgerhouse-109
PizzaHouse 110,Pizza Special 1,Pizza Special 1 description,85₺,/beşiktaş/pizzahouse-110
PizzaHouse 110,Pizza Special 2,Pizza Special 2 description,41₺,/beşiktaş/pizzahouse-110
PizzaHouse 110,Pizza Special 3,Pizza Special 3 description,99₺,/beşiktaş/pizzahouse-110
PizzaHouse 110,Pizza Special 4,Pizza Special 4 description,100₺,/beşiktaş/pizzahouse-110
PizzaHouse 110,Pizza Special 5,Pizza Special 5 description,57₺,/beşiktaş/pizzahouse-110
DessertHouse 111,Dessert Special 1,Dessert Special 1 description,80₺,/şişli/desserthouse-111
DessertHouse 111,Dessert Special 2,Dessert Special 2 description,43₺,/şişli/desserthouse-111
DessertHouse 111,Dessert Special 3,Dessert Special 3 description,79₺,/şişli/desserthouse-111
DessertHouse 111,Dessert Special 4,Dessert Special 4 description,96₺,/şişli/desserthouse-111
DessertHouse 112,Dessert Special 1,Dessert Special 1 description,64₺,/kadıköy/desserthouse-112
DessertHouse 112,Dessert Special 2,Dessert Special 2 description,37₺,/kadıköy/desserthouse-112
DessertHouse 112,Dessert Special 3,Dessert Special 3 description,85₺,/kadıköy/desserthouse-112
DessertHouse 112,Dessert Special 4,Dessert Special 4 description,39₺,/kadıköy/desserthouse-112
BurgerHouse 113,Burger Special 1,Burger Special 1 description,59₺,/beşiktaş/burgerhouse-113
BurgerHouse 113,Burger Special 2,Burger Special 2 description,40₺,/beşiktaş/burgerhouse-113
BurgerHouse 113,Burger Special 3,Burger Special 3 description,71₺,/beşiktaş/burgerhouse-113
BurgerHouse 113,Burger Special 4,Burger Special 4 description,55₺,/beşiktaş/burgerhouse-113
BurgerHouse 113,Burger Special 5,Burger Special 5 description,61₺,/beşiktaş/burgerhouse-113
BurgerHouse 113,Burger Special 6,Burger Special 6 description,50₺,/beşiktaş/burgerhouse-113
DessertHouse 114,Dessert Special 1,Dessert Special 1 description,85₺,/beşiktaş/desserthouse-114
DessertHouse 114,Dessert Special 2,Dessert Special 2 description,74₺,/beşiktaş/desserthouse-114
DessertHouse 114,Dessert Special 3,Dessert Special 3 description,39₺,/beşiktaş/desserthouse-114
DessertHouse 114,Dessert Special 4,Dessert Special 4 description,87₺,/beşiktaş/desserthouse-114
DessertHouse 114,Dessert Special 5,Dessert Special 5 description,74₺,/beşiktaş/desserthouse-114
BurgerHouse 115,Burger Special 1,Burger Special 1 description,88₺,/kadıköy/burgerhouse-115
BurgerHouse 115,Burger Special 2,Burger Special 2 description,77₺,/kadıköy/burgerhouse-115
BurgerHouse 115,Burger Special 3,Burger Special 3 description,77₺,/kadıköy/burgerhouse-115
PizzaHouse 116,Pizza Special 1,Pizza Special 1 description,86₺,/beşiktaş/pizzahouse-116
PizzaHouse 116,Pizza Special 2,Pizza Special 2 description,98₺,/beşiktaş/pizzahouse-116
PizzaHouse 116,Pizza Special 3,Pizza Special 3 description,76₺,/beşiktaş/pizzahouse-116
PizzaHouse 116,Pizza Special 4,Pizza Special 4 description,90₺,/beşiktaş/pizzahouse-116
PizzaHouse 116,Pizza Special 5,Pizza Special 5 description,88₺,/beşiktaş/pizzahouse-116
DessertHouse 117,Dessert Special 1,Dessert Special 1 description,99₺,/kadıköy/desserthouse-117
DessertHouse 117,Dessert Special 2,Dessert Special 2 description,47₺,/kadıköy/desserthouse-117
DessertHouse 117,Dessert Special 3,Dessert Special 3 description,37₺,/kadıköy/desserthouse-117
DessertHouse 117,Dessert Special 4,Dessert Special 4 description,59₺,/kadıköy/desserthouse-117
DessertHouse 117,Dessert Special 5,Dessert Special 5 description,99₺,/kadıköy/desserthouse-117
VeganHouse 118,Vegan Special 1,Vegan Special 1 description,96₺,/beşiktaş/veganhouse-118
VeganHouse 118,Vegan Special 2,Vegan Special 2 description,67₺,/beşiktaş/veganhouse-118
VeganHouse 118,Vegan Special 3,Vegan Special 3 description,49₺,/beşiktaş/veganhouse-118
VeganHouse 118,Vegan Special 4,Vegan Special 4 description,50₺,/beşiktaş/veganhouse-118
PizzaHouse 119,Pizza Special 1,Pizza Special 1 description,37₺,/kadıköy/pizzahouse-119
PizzaHouse 119,Pizza Special 2,Pizza Special 2 description,85₺,/kadıköy/pizzahouse-119
PizzaHouse 119,Pizza Special 3,Pizza Special 3 description,52₺,/kadıköy/pizzahouse-119
PizzaHouse 119,Pizza Special 4,Pizza Special 4 description,75₺,/kadıköy/pizzahouse-119
PizzaHouse 119,Pizza Special 5,Pizza Special 5 description,69₺,/kadıköy/pizzahouse-119
PizzaHouse 119,Pizza Special 6,Pizza Special 6 description,58₺,/kadıköy/pizzahouse-119
BurgerHouse 120,Burger Special 1,Burger Special 1 description,58₺,/beşiktaş/burgerhouse-120
BurgerHouse 120,Burger Special 2,Burger Special 2 description,92₺,/beşiktaş/burgerhouse-120
BurgerHouse 120,Burger Special 3,Burger Special 3 description,86₺,/beşiktaş/burgerhouse-120
BurgerHouse 121,Burger Special 1,Burger Special 1 description,79₺,/beşiktaş/burgerhouse-121
BurgerHouse 121,Burger Special 2,Burger Special 2 description,58₺,/beşiktaş/burgerhouse-121
BurgerHouse 121,Burger Special 3,Burger Special 3 description,98₺,/beşiktaş/burgerhouse-121
BurgerHouse 121,Burger Special 4,Burger Special 4 description,90₺,/beşiktaş/burgerhouse-121
BurgerHouse 121,Burger Special 5,Burger Special 5 description,72₺,/beşiktaş/burgerhouse-121
BurgerHouse 121,Burger Special 6,Burger Special 6 description,45₺,/beşiktaş/burgerhouse-121
PizzaHouse 122,Pizza Special 1,Pizza Special 1 description,97₺,/kadıköy/pizzahouse-122
PizzaHouse 122,Pizza Special 2,Pizza Special 2 description,97₺,/kadıköy/pizzahouse-122
PizzaHouse 122,Pizza Special 3,Pizza Special 3 description,66₺,/kadıköy/pizzahouse-122
PizzaHouse 122,Pizza Special 4,Pizza Special 4 description,87₺,/kadıköy/pizzahouse-122
BurgerHouse 123,Burger Special 1,Burger Special 1 description,54₺,/kadıköy/burgerhouse-123
BurgerHouse 123,Burger Special 2,Burger Special 2 description,97₺,/kadıköy/burgerhouse-123
BurgerHouse 123,Burger Special 3,Burger Special 3 description,38₺,/kadıköy/burgerhouse-123
BurgerHouse 123,Burger Special 4,Burger Special 4 description,93₺,/kadıköy/burgerhouse-123
BurgerHouse 124,Burger Special 1,Burger Special 1 description,54₺,/kadıköy/burgerhouse-124
BurgerHouse 124,Burger Special 2,Burger Special 2 description,80₺,/kadıköy/burgerhouse-124
BurgerHouse 124,Burger Special 3,Burger Special 3 description,77₺,/kadıköy/burgerhouse-124
BurgerHouse 124,Burger Special 4,Burger Special 4 description,77₺,/kadıköy/burgerhouse-124
BurgerHouse 124,Burger Special 5,Burger Special 5 description,58₺,/kadıköy/burgerhouse-124
BurgerHouse 124,Burger Special 6,Burger Special 6 description,63₺,/kadıköy/burgerhouse-124
KebapHouse 125,Kebap Special 1,Kebap Special 1 description,99₺,/beşiktaş/kebaphouse-125
KebapHouse 125,Kebap Special 2,Kebap Special 2 description,74₺,/beşiktaş/kebaphouse-125
KebapHouse 125,Kebap Special 3,Kebap Special 3 description,47₺,/beşiktaş/kebaphouse-125
KebapHouse 125,Kebap Special 4,Kebap Special 4 description,70₺,/beşiktaş/kebaphouse-125
DessertHouse 126,Dessert Special 1,Dessert Special 1 description,50₺,/beşiktaş/desserthouse-126
DessertHouse 126,Dessert Special 2,Dessert Special 2 description,46₺,/beşiktaş/desserthouse-126
DessertHouse 126,Dessert Special 3,Dessert Special 3 description,37₺,/beşiktaş/desserthouse-126
DessertHouse 126,Dessert Special 4,Dessert Special 4 description,82₺,/beşiktaş/desserthouse-126
BurgerHouse 127,Burger Special 1,Burger Special 1 description,42₺,/kadıköy/burgerhouse-127
BurgerHouse 127,Burger Special 2,Burger Special 2 description,35₺,/kadıköy/burgerhouse-127
BurgerHouse 127,Burger Special 3,Burger Special 3 description,36₺,/kadıköy/burgerhouse-127
BurgerHouse 127,Burger Special 4,Burger Special 4 description,92₺,/kadıköy/burgerhouse-127
BurgerHouse 127,Burger Special 5,Burger Special 5 description,51₺,/kadıköy/burgerhouse-127
DessertHouse 128,Dessert Special 1,Dessert Special 1 description,63₺,/şişli/desserthouse-128
DessertHouse 128,Dessert Special 2,Dessert Special 2 description,38₺,/şişli/desserthouse-128
DessertHouse 128,Dessert Special 3,Dessert Special 3 description,85₺,/şişli/desserthouse-128
DessertHouse 128,Dessert Special 4,Dessert Special 4 description,98₺,/şişli/desserthouse-128
DessertHouse 128,Dessert Special 5,Dessert Special 5 description,73₺,/şişli/desserthouse-128
DessertHouse 128,Dessert Special 6,Dessert Special 6 description,51₺,/şişli/desserthouse-128
PizzaHouse 129,Pizza Special 1,Pizza Special 1 description,59₺,/beşiktaş/pizzahouse-129
PizzaHouse 129,Pizza Special 2,Pizza Special 2 description,95₺,/beşiktaş/pizzahouse-129
PizzaHouse 129,Pizza Special 3,Pizza Special 3 description,63₺,/beşiktaş/pizzahouse-129
PizzaHouse 129,Pizza Special 4,Pizza Special 4 description,96₺,/beşiktaş/pizzahouse-129
PizzaHouse 129,Pizza Special 5,Pizza Special 5 description,82₺,/beşiktaş/pizzahouse-129
DessertHouse 130,Dessert Special 1,Dessert Special 1 description,35₺,/şişli/desserthouse-130
DessertHouse 130,Dessert Special 2,Dessert Special 2 description,35₺,/şişli/desserthouse-130
DessertHouse 130,Dessert Special 3,Dessert Special 3 description,62₺,/şişli/desserthouse-130
DessertHouse 130,Dessert Special 4,Dessert Special 4 description,81₺,/şişli/desserthouse-130
DessertHouse 130,Dessert Special 5,Dessert Special 5 description,71₺,/şişli/desserthouse-130
DessertHouse 130,Dessert Special 6,Dessert Special 6 description,45₺,/şişli/desserthouse-130
DessertHouse 131,Dessert Special 1,Dessert Special 1 description,38₺,/şişli/desserthouse-131
DessertHouse 131,Dessert Special 2,Dessert Special 2 description,36₺,/şişli/desserthouse-131
DessertHouse 131,Dessert Special 3,Dessert Special 3 description,86₺,/şişli/desserthouse-131
DessertHouse 131,Dessert Special 4,Dessert Special 4 description,97₺,/şişli/desserthouse-131
DessertHouse 131,Dessert Special 5,Dessert Special 5 description,97₺,/şişli/desserthouse-131
VeganHouse 132,Vegan Special 1,Vegan Special 1 description,82₺,/beşiktaş/veganhouse-132
VeganHouse 132,Vegan Special 2,Vegan Special 2 description,69₺,/beşiktaş/veganhouse-132
VeganHouse 132,Vegan Special 3,Vegan Special 3 description,74₺,/beşiktaş/veganhouse-132
VeganHouse 132,Vegan Special 4,Vegan Special 4 description,76₺,/beşiktaş/veganhouse-132
PizzaHouse 133,Pizza Special 1,Pizza Special 1 description,46₺,/şişli/pizzahouse-133
PizzaHouse 133,Pizza Special 2,Pizza Special 2 description,44₺,/şişli/pizzahouse-133
PizzaHouse 133,Pizza Special 3,Pizza Special 3 description,65₺,/şişli/pizzahouse-133
PizzaHouse 133,Pizza Special 4,Pizza Special 4 description,64₺,/şişli/pizzahouse-133
DessertHouse 134,Dessert Special 1,Dessert Special 1 description,86₺,/kadıköy/desserthouse-134
DessertHouse 134,Dessert Special 2,Dessert Special 2 description,49₺,/kadıköy/desserthouse-134
DessertHouse 134,Dessert Special 3,Dessert Special 3 description,44₺,/kadıköy/desserthouse-134
DessertHouse 134,Dessert Special 4,Dessert Special 4 description,77₺,/kadıköy/desserthouse-134
DessertHouse 134,Dessert Special 5,Dessert Special 5 description,83₺,/kadıköy/desserthouse-134
VeganHouse 135,Vegan Special 1,Vegan Special 1 description,84₺,/şişli/veganhouse-135
VeganHouse 135,Vegan Special 2,Vegan Special 2 description,58₺,/şişli/veganhouse-135
VeganHouse 135,Vegan Special 3,Vegan Special 3 description,74₺,/şişli/veganhouse-135
PizzaHouse 136,Pizza Special 1,Pizza Special 1 description,74₺,/kadıköy/pizzahouse-136
PizzaHouse 136,Pizza Special 2,Pizza Special 2 description,87₺,/kadıköy/pizzahouse-136
PizzaHouse 136,Pizza Special 3,Pizza Special 3 description,90₺,/kadıköy/pizzahouse-136
PizzaHouse 136,Pizza Special 4,Pizza Special 4 description,57₺,/kadıköy/pizzahouse-136
KebapHouse 137,Kebap Special 1,Kebap Special 1 description,42₺,/beşiktaş/kebaphouse-137
KebapHouse 137,Kebap Special 2,Kebap Special 2 description,51₺,/beşiktaş/kebaphouse-137
KebapHouse 137,Kebap Special 3,Kebap Special 3 description,61₺,/beşiktaş/kebaphouse-137
PizzaHouse 138,Pizza Special 1,Pizza Special 1 description,53₺,/şişli/pizzahouse-138
PizzaHouse 138,Pizza Special 2,Pizza Special 2 description,58₺,/şişli/pizzahouse-138
PizzaHouse 138,Pizza Special 3,Pizza Special 3 description,80₺,/şişli/pizzahouse-138
PizzaHouse 138,Pizza Special 4,Pizza Special 4 description,92₺,/şişli/pizzahouse-138
PizzaHouse 138,Pizza Special 5,Pizza Special 5 description,85₺,/şişli/pizzahouse-138
PizzaHouse 138,Pizza Special 6,Pizza Special 6 description,90₺,/şişli/pizzahouse-138
KebapHouse 139,Kebap Special 1,Kebap Special 1 description,44₺,/beşiktaş/kebaphouse-139
KebapHouse 139,Kebap Special 2,Kebap Special 2 description,42₺,/beşiktaş/kebaphouse-139
KebapHouse 139,Kebap Special 3,Kebap Special 3 description,72₺,/beşiktaş/kebaphouse-139
KebapHouse 139,Kebap Special 4,Kebap Special 4 description,98₺,/beşiktaş/kebaphouse-139
KebapHouse 139,Kebap Special 5,Kebap Special 5 description,51₺,/beşiktaş/kebaphouse-139
DessertHouse 140,Dessert Special 1,Dessert Special 1 description,99₺,/beşiktaş/desserthouse-140
DessertHouse 140,Dessert Special 2,Dessert Special 2 description,95₺,/beşiktaş/desserthouse-140
DessertHouse 140,Dessert Special 3,Dessert Special 3 description,55₺,/beşiktaş/desserthouse-140
DessertHouse 140,Dessert Special 4,Dessert Special 4 description,40₺,/beşiktaş/desserthouse-140
DessertHouse 141,Dessert Special 1,Dessert Special 1 description,96₺,/kadıköy/desserthouse-141
DessertHouse 141,Dessert Special 2,Dessert Special 2 description,92₺,/kadıköy/desserthouse-141
DessertHouse 141,Dessert Special 3,Dessert Special 3 description,35₺,/kadıköy/desserthouse-141
DessertHouse 141,Dessert Special 4,Dessert Special 4 description,72₺,/kadıköy/desserthouse-141
DessertHouse 141,Dessert Special 5,Dessert Special 5 description,99₺,/kadıköy/desserthouse-141
DessertHouse 141,Dessert Special 6,Dessert Special 6 description,88₺,/kadıköy/desserthouse-141
BurgerHouse 142,Burger Special 1,Burger Special 1 description,49₺,/beşiktaş/burgerhouse-142
BurgerHouse 142,Burger Special 2,Burger Special 2 description,73₺,/beşiktaş/burgerhouse-142
BurgerHouse 142,Burger Special 3,Burger Special 3 description,84₺,/beşiktaş/burgerhouse-142
BurgerHouse 142,Burger Special 4,Burger Special 4 description,42₺,/beşiktaş/burgerhouse-142
BurgerHouse 143,Burger Special 1,Burger Special 1 description,35₺,/şişli/burgerhouse-143
BurgerHouse 143,Burger Special 2,Burger Special 2 description,92₺,/şişli/burgerhouse-143
BurgerHouse 143,Burger Special 3,Burger Special 3 description,92₺,/şişli/burgerhouse-143
BurgerHouse 143,Burger Special 4,Burger Special 4 description,38₺,/şişli/burgerhouse-143
BurgerHouse 143,Burger Special 5,Burger Special 5 description,78₺,/şişli/burgerhouse-143
BurgerHouse 144,Burger Special 1,Burger Special 1 description,98₺,/kadıköy/burgerhouse-144
BurgerHouse 144,Burger Special 2,Burger Special 2 description,39₺,/kadıköy/burgerhouse-144
BurgerHouse 144,Burger Special 3,Burger Special 3 description,89₺,/kadıköy/burgerhouse-144
BurgerHouse 144,Burger Special 4,Burger Special 4 description,49₺,/kadıköy/burgerhouse-144
DessertHouse 145,Dessert Special 1,Dessert Special 1 description,49₺,/beşiktaş/desserthouse-145
DessertHouse 145,Dessert Special 2,Dessert Special 2 description,42₺,/beşiktaş/desserthouse-145
DessertHouse 145,Dessert Special 3,Dessert Special 3 description,89₺,/beşiktaş/desserthouse-145
DessertHouse 145,Dessert Special 4,Dessert Special 4 description,99₺,/beşiktaş/desserthouse-145
DessertHouse 145,Dessert Special 5,Dessert Special 5 description,53₺,/beşiktaş/desserthouse-145
KebapHouse 146,Kebap Special 1,Kebap Special 1 description,61₺,/kadıköy/kebaphouse-146
KebapHouse 146,Kebap Special 2,Kebap Special 2 description,72₺,/kadıköy/kebaphouse-146
KebapHouse 146,Kebap Special 3,Kebap Special 3 description,37₺,/kadıköy/kebaphouse-146
KebapHouse 146,Kebap Special 4,Kebap Special 4 description,85₺,/kadıköy/kebaphouse-146
VeganHouse 147,Vegan Special 1,Vegan Special 1 description,63₺,/kadıköy/veganhouse-147
VeganHouse 147,Vegan Special 2,Vegan Special 2 description,70₺,/kadıköy/veganhouse-147
VeganHouse 147,Vegan Special 3,Vegan Special 3 description,97₺,/kadıköy/veganhouse-147
VeganHouse 147,Vegan Special 4,Vegan Special 4 description,90₺,/kadıköy/veganhouse-147
VeganHouse 147,Vegan Special 5,Vegan Special 5 description,37₺,/kadıköy/veganhouse-147
VeganHouse 148,Vegan Special 1,Vegan Special 1 description,52₺,/kadıköy/veganhouse-148
VeganHouse 148,Vegan Special 2,Vegan Special 2 description,48₺,/kadıköy/veganhouse-148
VeganHouse 148,Vegan Special 3,Vegan Special 3 description,77₺,/kadıköy/veganhouse-148
DessertHouse 149,Dessert Special 1,Dessert Special 1 description,96₺,/şişli/desserthouse-149
DessertHouse 149,Dessert Special 2,Dessert Special 2 description,35₺,/şişli/desserthouse-149
DessertHouse 149,Dessert Special 3,Dessert Special 3 description,56₺,/şişli/desserthouse-149
DessertHouse 149,Dessert Special 4,Dessert Special 4 description,57₺,/şişli/desserthouse-149
DessertHouse 149,Dessert Special 5,Dessert Special 5 description,45₺,/şişli/desserthouse-149
